ID,medio,anger,anticipation,disgust,fear,joy,sadness,surprise,trust,negative,positive
id_1,bbcl,0,4,0,1,1,0,0,2,1,3
id_10,bbcl,1,3,0,1,4,0,1,0,1,3
id_100,bbcl,0,1,0,0,1,0,0,0,0,4
id_101,bbcl,0,1,0,1,1,0,0,1,0,2
id_102,bbcl,0,1,0,1,0,1,1,0,1,2
id_103,bbcl,0,1,0,0,0,1,0,0,2,2
id_104,bbcl,0,1,0,3,0,0,1,1,2,6
id_105,bbcl,1,2,3,4,2,1,2,1,4,5
id_106,bbcl,0,1,0,1,0,0,0,1,0,2
id_107,bbcl,1,0,1,3,0,2,0,0,2,2
id_108,bbcl,0,3,0,1,2,1,3,2,1,2
id_109,bbcl,0,3,0,1,0,1,0,2,1,3
id_11,bbcl,0,2,0,1,0,0,1,2,1,4
id_110,bbcl,0,1,0,1,1,0,0,1,1,2
id_111,bbcl,0,1,1,1,3,2,2,3,2,5
id_112,bbcl,1,0,1,1,1,1,0,0,2,3
id_113,bbcl,1,0,1,3,0,1,0,0,1,1
id_114,bbcl,2,0,0,2,0,2,0,3,2,6
id_115,bbcl,0,2,0,1,2,0,1,1,0,5
id_116,bbcl,0,1,1,2,0,0,0,1,1,0
id_117,bbcl,0,0,0,0,0,0,0,1,0,1
id_118,bbcl,0,1,0,1,1,0,0,5,2,5
id_119,bbcl,0,0,0,0,0,0,0,1,0,0
id_12,bbcl,1,0,1,1,0,0,0,1,1,1
id_120,bbcl,0,1,2,1,1,1,1,2,3,2
id_121,bbcl,0,1,1,0,1,0,1,2,1,3
id_122,bbcl,8,3,1,10,3,5,1,7,9,6
id_123,bbcl,0,1,0,2,0,1,1,0,1,1
id_124,bbcl,1,0,0,1,0,1,1,2,1,4
id_125,bbcl,1,0,1,2,0,0,0,1,2,2
id_126,bbcl,0,0,0,1,0,0,0,0,0,0
id_127,bbcl,0,4,0,0,1,0,0,2,1,5
id_128,bbcl,2,3,0,4,2,4,0,3,4,4
id_129,bbcl,0,1,0,1,2,0,0,0,1,4
id_13,bbcl,2,0,2,3,2,1,0,3,4,3
id_130,bbcl,0,0,0,1,1,0,0,0,0,3
id_131,bbcl,0,0,0,1,1,0,0,0,1,3
id_132,bbcl,3,0,2,3,0,3,0,0,4,4
id_133,bbcl,3,1,2,4,1,3,0,0,5,2
id_134,bbcl,1,1,0,3,0,0,0,1,2,4
id_135,bbcl,1,1,1,1,1,1,0,1,3,4
id_136,bbcl,3,0,2,3,2,2,0,2,3,5
id_137,bbcl,1,2,0,3,0,0,1,1,2,2
id_138,bbcl,0,2,0,1,1,0,0,5,3,6
id_139,bbcl,0,1,0,0,1,0,0,2,0,4
id_14,bbcl,0,0,2,0,0,0,1,5,0,2
id_140,bbcl,0,1,0,0,0,0,0,1,7,5
id_141,bbcl,0,2,2,1,1,1,0,1,2,4
id_142,bbcl,0,1,0,2,0,0,0,0,0,0
id_143,bbcl,0,1,0,0,2,0,0,1,0,5
id_144,bbcl,1,0,0,1,0,1,0,1,2,3
id_145,bbcl,0,3,0,1,1,0,1,3,0,6
id_146,bbcl,0,2,0,2,0,0,0,1,1,3
id_147,bbcl,0,2,0,1,0,0,0,0,2,2
id_148,bbcl,1,0,0,1,1,0,0,3,1,2
id_149,bbcl,0,2,0,0,0,0,0,0,0,1
id_15,bbcl,1,0,1,1,1,1,0,5,3,5
id_150,bbcl,0,4,0,0,1,0,1,4,1,6
id_151,bbcl,0,2,0,2,1,1,1,5,5,5
id_152,bbcl,0,1,0,0,1,0,0,3,0,3
id_153,bbcl,0,0,0,1,0,0,0,2,0,3
id_154,bbcl,0,2,0,0,1,1,1,1,1,1
id_155,bbcl,1,1,0,4,0,1,0,1,3,3
id_156,bbcl,0,1,0,0,1,0,0,1,2,2
id_157,bbcl,0,2,1,3,0,1,0,1,2,2
id_158,bbcl,0,1,0,1,0,0,0,4,0,2
id_159,bbcl,0,2,0,2,1,2,1,4,3,4
id_16,bbcl,1,3,0,1,1,3,2,5,4,5
id_160,bbcl,1,1,0,3,0,1,1,1,1,2
id_161,bbcl,0,0,0,1,0,0,0,2,0,1
id_162,bbcl,1,2,0,1,0,0,1,1,1,2
id_163,bbcl,0,0,0,2,0,0,0,1,0,1
id_164,bbcl,0,1,1,3,0,2,1,3,2,4
id_165,bbcl,0,1,0,0,0,0,0,0,2,2
id_166,bbcl,0,0,0,0,2,0,0,2,1,2
id_167,bbcl,0,4,0,1,2,1,0,2,2,8
id_168,bbcl,1,0,2,2,1,1,0,2,2,2
id_169,bbcl,1,1,0,0,0,2,1,3,1,6
id_17,bbcl,0,1,1,1,1,1,0,2,3,4
id_170,bbcl,0,0,0,0,1,0,0,1,0,3
id_171,bbcl,0,2,0,1,2,0,0,5,0,8
id_172,bbcl,0,0,0,0,0,0,0,0,0,1
id_173,bbcl,2,2,1,3,0,2,1,0,4,2
id_174,bbcl,0,0,0,1,0,0,0,3,1,3
id_175,bbcl,1,3,0,4,1,3,2,6,3,9
id_176,bbcl,0,0,0,1,0,2,0,0,1,2
id_177,bbcl,0,3,0,1,0,0,0,1,0,6
id_178,bbcl,0,1,0,0,0,0,0,2,0,5
id_179,bbcl,0,1,0,1,0,1,0,2,2,3
id_18,bbcl,0,1,0,1,0,0,0,2,0,3
id_180,bbcl,0,0,1,0,0,0,1,3,0,5
id_181,bbcl,0,0,1,0,0,0,0,2,0,3
id_182,bbcl,0,1,0,1,0,0,0,0,1,1
id_183,bbcl,0,1,0,2,1,1,0,1,1,4
id_184,bbcl,2,2,0,3,1,1,1,3,3,5
id_185,bbcl,0,0,0,0,0,0,0,4,0,2
id_186,bbcl,1,3,0,2,1,3,1,2,5,3
id_187,bbcl,0,1,0,1,0,0,0,0,0,2
id_188,bbcl,0,1,0,0,1,0,1,2,0,1
id_189,bbcl,0,0,0,0,1,0,0,0,1,3
id_19,bbcl,0,0,1,0,1,0,0,4,0,5
id_190,bbcl,0,2,0,1,0,0,0,0,0,3
id_191,bbcl,3,5,2,3,4,6,4,1,4,9
id_192,bbcl,0,1,0,2,1,1,1,3,3,3
id_193,bbcl,0,0,0,0,0,0,0,3,1,4
id_194,bbcl,1,0,0,0,1,0,0,2,1,4
id_195,bbcl,0,2,0,0,0,0,1,3,0,5
id_196,bbcl,0,1,0,0,0,1,0,1,1,2
id_197,emol,0,1,0,0,0,0,0,0,1,1
id_198,emol,1,0,1,2,0,1,0,0,1,0
id_199,emol,0,0,0,0,0,0,0,0,0,1
id_2,bbcl,0,0,0,1,0,0,0,0,1,1
id_20,bbcl,0,2,1,1,1,0,2,3,2,2
id_200,emol,0,0,0,0,0,0,0,0,0,0
id_201,emol,0,1,0,0,2,0,1,1,0,2
id_202,emol,0,0,1,2,0,2,0,0,2,0
id_203,emol,0,1,0,0,0,0,0,2,1,1
id_204,emol,0,0,0,0,1,0,0,1,1,3
id_205,emol,0,0,0,0,0,0,0,0,0,0
id_206,emol,1,0,1,1,0,1,0,1,3,1
id_207,emol,0,0,0,0,0,0,0,1,2,1
id_208,emol,2,0,1,2,0,1,0,1,3,2
id_209,emol,0,0,0,0,1,0,0,0,1,1
id_21,bbcl,0,3,0,1,1,0,1,2,2,2
id_210,emol,0,0,0,0,0,0,0,0,0,0
id_211,emol,0,2,0,0,1,1,2,1,2,3
id_212,emol,0,0,0,0,0,0,0,0,0,1
id_213,emol,0,1,0,0,0,0,1,0,1,2
id_214,emol,0,1,0,0,1,0,0,0,0,3
id_215,emol,0,0,0,2,0,0,0,0,1,1
id_216,emol,1,1,1,2,0,1,1,0,1,0
id_217,emol,1,1,0,2,1,1,1,1,1,1
id_218,emol,0,1,0,1,0,0,0,0,2,0
id_219,emol,0,0,0,0,0,0,0,0,1,1
id_22,bbcl,0,0,0,0,2,0,0,4,1,5
id_220,emol,0,1,0,1,0,0,0,0,1,1
id_221,emol,0,0,0,0,0,0,0,0,1,2
id_222,emol,0,0,0,0,0,0,0,0,1,1
id_223,emol,2,1,1,3,1,1,1,3,2,2
id_224,emol,0,1,0,0,1,0,1,1,1,1
id_225,emol,1,0,0,2,0,1,0,0,1,0
id_226,emol,0,1,0,1,0,0,1,0,0,0
id_227,emol,1,0,0,2,0,2,1,0,2,0
id_228,emol,0,0,1,1,0,0,0,2,2,2
id_229,emol,0,0,0,1,0,0,0,0,0,1
id_23,bbcl,1,2,1,2,1,0,1,4,2,6
id_230,emol,1,2,1,3,0,1,0,2,2,0
id_231,emol,0,1,1,1,0,1,0,1,2,0
id_232,emol,0,0,0,0,0,0,0,0,0,0
id_233,emol,0,2,0,1,2,0,1,2,0,4
id_234,emol,0,0,0,0,0,0,0,0,0,1
id_235,emol,1,1,1,1,1,0,0,2,0,4
id_236,emol,0,0,0,0,0,0,0,1,1,1
id_237,emol,1,0,0,2,0,2,0,0,3,0
id_238,emol,1,2,1,1,0,1,0,1,1,1
id_239,emol,1,1,0,2,0,1,0,2,1,2
id_24,bbcl,1,2,2,1,2,1,1,3,2,6
id_240,emol,0,0,0,0,0,1,0,0,1,1
id_241,emol,2,1,0,0,0,0,1,0,2,2
id_242,emol,0,0,0,0,0,0,0,1,0,2
id_243,emol,0,1,1,2,0,1,0,0,2,0
id_244,emol,0,0,0,1,0,0,0,1,1,1
id_245,emol,0,0,0,0,0,0,0,0,0,0
id_246,emol,0,0,0,1,0,0,0,0,0,0
id_247,emol,1,0,0,1,0,0,1,0,1,0
id_248,emol,1,0,0,1,1,0,1,1,0,2
id_249,emol,0,0,0,0,0,0,0,1,0,1
id_25,bbcl,0,0,0,0,0,0,0,1,2,3
id_250,emol,0,0,0,1,0,1,0,1,1,0
id_251,emol,0,1,0,0,1,0,1,2,0,2
id_252,emol,0,1,0,2,0,0,1,0,0,0
id_253,emol,1,1,0,1,1,1,1,1,1,1
id_254,emol,0,0,0,1,0,0,0,0,0,1
id_255,emol,0,0,0,1,0,0,0,0,0,0
id_256,emol,0,0,0,1,0,0,0,0,0,1
id_257,emol,0,1,0,1,0,0,1,1,1,1
id_258,emol,0,0,0,0,0,0,0,1,0,1
id_259,emol,0,0,0,1,0,0,0,1,0,3
id_26,bbcl,0,0,0,0,0,0,0,0,0,0
id_260,emol,0,0,0,0,1,0,0,1,0,3
id_261,emol,0,1,0,0,1,0,1,2,1,3
id_262,emol,0,0,0,2,0,0,0,0,1,0
id_263,emol,0,0,0,0,1,0,0,1,0,1
id_264,emol,1,1,2,3,0,1,0,3,3,2
id_265,emol,0,0,0,0,0,0,0,0,0,0
id_266,emol,0,0,0,0,0,0,0,1,0,0
id_267,emol,0,0,0,1,0,0,0,0,0,0
id_268,emol,2,1,1,2,0,2,3,0,3,0
id_269,emol,1,0,0,2,0,0,0,0,1,0
id_27,bbcl,2,1,2,3,1,1,0,0,3,4
id_270,emol,0,0,0,0,0,0,0,2,0,3
id_271,emol,0,0,0,0,0,0,0,0,0,0
id_272,emol,0,0,0,1,0,0,0,0,0,0
id_273,emol,0,0,0,1,0,1,1,0,1,0
id_274,emol,0,0,0,0,0,0,0,0,0,0
id_275,emol,0,1,0,1,0,0,0,0,0,3
id_276,emol,0,0,0,0,0,0,0,0,0,1
id_277,emol,0,0,0,0,0,0,0,0,1,1
id_278,emol,0,0,0,0,0,0,0,0,0,1
id_279,emol,0,0,0,1,0,0,0,0,0,0
id_28,bbcl,2,1,3,2,2,3,2,2,5,4
id_280,emol,0,0,0,0,0,0,0,0,0,0
id_281,emol,2,1,1,1,1,0,1,1,2,1
id_282,emol,2,1,2,2,0,2,0,1,2,2
id_283,emol,0,0,0,1,0,0,0,0,0,2
id_284,emol,0,1,0,1,1,2,0,3,2,3
id_285,emol,0,2,0,0,0,0,0,2,1,2
id_286,emol,0,1,0,0,0,0,0,0,0,1
id_287,emol,0,1,0,0,1,0,1,1,0,1
id_288,emol,0,0,0,0,0,0,0,0,0,0
id_289,emol,1,1,0,2,0,1,1,0,1,0
id_29,bbcl,0,1,1,3,0,0,0,0,2,2
id_290,emol,0,0,0,0,0,1,0,1,1,3
id_291,emol,0,0,0,0,0,0,0,0,0,0
id_292,emol,1,0,1,2,0,0,0,1,1,0
id_293,emol,1,0,1,3,0,0,0,1,2,2
id_294,emol,0,0,0,1,0,0,0,0,0,1
id_295,emol,1,2,1,1,1,0,1,1,1,1
id_296,emol,1,0,0,1,0,1,1,0,1,1
id_297,emol,0,0,0,0,0,0,0,1,0,3
id_298,emol,0,1,0,0,0,0,0,0,1,1
id_299,emol,0,2,0,1,0,0,0,0,2,0
id_3,bbcl,2,1,0,2,2,1,0,2,2,7
id_30,bbcl,1,0,1,0,0,0,0,2,2,0
id_300,emol,0,1,0,0,1,0,1,2,0,1
id_301,emol,0,0,0,0,0,0,0,1,0,1
id_302,emol,1,0,1,2,0,0,0,1,1,1
id_303,emol,0,0,0,0,0,0,0,0,0,1
id_304,emol,0,0,1,3,0,1,1,1,2,1
id_305,emol,1,0,0,1,0,0,0,0,1,0
id_306,emol,0,0,0,0,0,0,0,0,1,1
id_307,emol,0,1,0,1,1,0,1,1,0,1
id_308,emol,0,0,0,1,0,0,0,0,0,0
id_309,emol,1,0,1,2,0,1,1,0,2,0
id_31,bbcl,0,0,0,0,0,1,0,1,1,1
id_310,emol,1,1,1,1,2,1,1,3,1,3
id_311,emol,0,0,0,1,0,0,0,0,2,1
id_312,emol,0,1,0,0,0,0,0,0,0,0
id_313,emol,0,0,0,0,0,0,0,4,0,2
id_314,emol,0,0,0,0,0,0,0,0,0,0
id_315,emol,2,0,1,2,0,0,1,0,2,0
id_316,emol,1,2,1,2,0,1,1,1,1,4
id_317,emol,0,0,0,1,0,0,0,1,0,0
id_318,emol,0,0,0,0,0,0,0,1,0,2
id_319,emol,0,1,0,0,2,0,1,1,0,2
id_32,bbcl,1,0,1,0,0,0,0,2,2,5
id_320,emol,0,0,0,1,0,0,0,0,0,0
id_321,emol,0,0,0,0,0,0,0,0,0,1
id_322,emol,1,1,0,2,0,1,1,1,1,1
id_323,emol,0,2,0,1,2,0,2,2,0,3
id_324,emol,0,1,0,0,0,0,0,0,0,2
id_325,emol,0,0,0,1,0,0,0,0,0,0
id_326,emol,1,0,0,1,0,1,0,1,1,0
id_327,emol,3,2,2,2,0,3,1,3,3,3
id_328,emol,0,1,0,0,1,0,0,2,0,2
id_329,emol,1,0,0,2,0,0,0,0,1,2
id_33,bbcl,0,5,0,1,2,0,1,4,1,6
id_330,emol,0,1,0,0,1,0,0,2,0,2
id_331,emol,0,1,0,0,0,0,0,3,0,3
id_332,emol,0,1,0,0,1,0,0,1,0,2
id_333,emol,1,1,0,1,0,1,0,0,1,1
id_334,emol,1,0,0,2,0,1,0,1,1,1
id_335,emol,0,0,0,0,0,0,0,0,0,0
id_336,emol,2,0,1,2,0,1,1,1,2,1
id_337,emol,1,0,1,2,0,1,0,0,1,0
id_338,emol,0,0,0,0,0,0,0,0,2,0
id_339,emol,0,0,1,0,0,0,0,0,1,1
id_34,bbcl,1,2,0,5,4,1,1,5,3,4
id_340,emol,0,0,0,0,0,0,0,1,1,1
id_341,emol,0,0,0,0,0,0,0,0,0,1
id_342,emol,1,0,2,1,0,1,0,1,2,1
id_343,emol,0,0,0,0,0,0,0,2,0,1
id_344,emol,0,0,0,2,0,1,0,1,1,1
id_345,emol,0,1,0,0,1,0,0,0,1,1
id_346,emol,0,0,0,0,0,0,0,0,0,0
id_347,emol,0,0,0,0,0,0,0,0,0,1
id_348,emol,0,2,0,0,1,0,1,1,0,2
id_349,emol,0,1,0,0,0,0,0,1,0,2
id_35,bbcl,1,4,0,3,2,1,0,3,2,5
id_350,emol,0,2,0,2,0,1,0,0,2,3
id_351,emol,0,0,0,0,1,1,0,1,1,1
id_352,emol,0,0,0,0,0,0,0,0,0,0
id_353,emol,0,0,0,0,0,0,0,0,0,0
id_354,emol,0,0,0,1,0,0,0,1,0,2
id_355,emol,1,0,1,1,0,2,0,3,1,2
id_356,emol,0,0,0,0,0,0,0,0,0,0
id_357,emol,1,1,0,2,0,1,0,0,2,0
id_358,emol,0,0,0,1,0,0,0,1,0,1
id_359,emol,0,0,0,0,0,1,0,0,1,0
id_36,bbcl,0,0,1,0,0,0,0,2,0,1
id_360,emol,0,0,0,0,0,0,0,1,0,1
id_361,emol,0,1,0,1,0,0,0,1,1,0
id_362,emol,1,0,0,0,0,0,1,1,1,0
id_363,emol,0,0,0,0,2,0,0,0,0,2
id_364,emol,0,0,0,0,0,0,0,1,0,0
id_365,emol,0,0,0,0,0,0,0,1,0,1
id_366,emol,0,0,0,0,0,0,0,1,0,1
id_367,emol,0,1,1,1,0,1,0,1,1,3
id_368,emol,0,1,0,0,1,0,0,0,0,1
id_369,emol,0,1,0,0,1,0,1,2,0,2
id_37,bbcl,0,1,1,1,0,0,0,1,2,2
id_370,emol,0,0,0,0,0,0,0,0,0,2
id_371,emol,0,0,0,0,0,0,0,3,0,1
id_372,emol,0,3,0,0,0,0,1,0,2,1
id_373,emol,0,0,0,0,0,0,0,0,2,1
id_374,emol,0,2,0,2,2,0,1,3,0,5
id_375,emol,0,2,0,0,1,1,1,2,2,2
id_376,emol,0,0,0,0,0,0,0,0,0,0
id_377,emol,0,0,0,0,0,0,0,0,0,0
id_378,emol,0,0,0,1,0,0,0,0,0,0
id_379,emol,1,0,0,1,1,2,0,1,1,2
id_38,bbcl,0,1,0,0,0,0,0,2,0,3
id_380,emol,0,2,0,0,1,0,1,1,3,2
id_381,emol,0,1,0,0,0,0,0,1,0,0
id_382,emol,0,1,0,0,1,1,0,1,0,4
id_383,emol,0,0,0,0,0,0,1,0,0,1
id_384,emol,0,0,0,0,0,0,0,0,0,1
id_385,emol,0,0,0,0,0,0,0,1,0,1
id_386,emol,0,1,0,2,1,0,1,1,0,1
id_387,emol,0,0,0,0,0,0,0,0,0,0
id_388,emol,0,0,0,0,0,0,1,1,0,1
id_389,emol,0,0,0,1,0,0,0,0,0,1
id_39,bbcl,1,1,0,2,1,2,2,3,1,3
id_390,emol,0,0,0,0,1,0,0,3,0,2
id_391,emol,0,1,0,1,0,0,0,0,1,0
id_392,emol,0,0,0,0,0,0,0,0,0,2
id_393,emol,0,1,0,3,0,2,1,0,2,0
id_394,emol,0,3,0,1,0,0,0,0,0,2
id_395,emol,0,1,0,1,0,0,0,1,1,1
id_396,emol,0,0,0,1,0,1,0,1,1,2
id_397,emol,0,1,0,1,0,0,0,0,0,0
id_398,emol,1,0,0,1,0,0,0,0,1,1
id_399,emol,1,0,1,1,0,1,0,0,1,1
id_4,,0,0,0,0,0,0,0,0,0,0
id_40,bbcl,0,1,0,2,1,0,0,1,3,3
id_400,emol,0,0,1,0,0,2,0,0,2,0
id_401,emol,1,1,0,1,0,0,1,2,0,2
id_402,emol,0,0,0,2,0,1,0,0,1,0
id_403,emol,0,1,0,3,0,1,0,1,1,1
id_404,emol,1,0,0,0,0,0,0,0,1,0
id_405,emol,0,0,0,0,0,0,0,1,0,1
id_406,emol,0,0,0,1,0,0,0,0,0,0
id_407,emol,0,0,0,0,0,0,0,0,0,0
id_408,emol,0,0,0,0,0,0,0,0,0,0
id_409,emol,0,1,1,2,0,1,1,1,1,1
id_41,bbcl,0,1,0,0,0,0,1,4,1,3
id_410,emol,0,0,0,1,0,1,0,0,2,0
id_411,emol,0,0,0,0,0,0,0,2,0,2
id_412,emol,1,0,0,0,0,1,0,0,2,0
id_413,emol,0,0,1,0,1,1,0,1,1,2
id_414,emol,0,0,0,0,0,0,0,0,0,0
id_415,emol,0,1,0,1,0,0,1,1,1,1
id_416,emol,0,0,0,0,0,0,0,2,1,3
id_417,emol,0,2,0,1,0,0,0,1,0,1
id_418,emol,1,0,1,1,0,2,0,1,2,2
id_419,emol,0,0,0,1,0,0,0,2,0,2
id_42,bbcl,1,4,1,2,1,2,0,5,4,7
id_420,emol,0,0,0,0,0,0,0,0,0,1
id_421,emol,0,0,0,0,0,0,0,0,0,0
id_422,emol,0,0,0,1,0,1,0,2,1,3
id_423,emol,0,1,0,0,0,0,1,1,1,3
id_424,emol,0,0,0,0,1,1,0,0,2,1
id_425,emol,0,0,0,0,0,0,0,2,0,2
id_426,emol,0,2,0,0,1,0,2,1,1,3
id_427,emol,0,0,0,0,0,0,0,0,0,0
id_428,emol,0,2,0,1,2,0,1,0,0,4
id_429,emol,0,0,0,1,0,0,0,1,0,2
id_43,bbcl,0,2,0,1,1,0,1,3,0,3
id_430,emol,0,0,0,0,0,0,0,0,0,0
id_431,emol,0,0,0,2,0,0,1,0,0,1
id_432,emol,0,1,0,0,0,0,0,1,0,0
id_433,emol,0,2,0,0,1,1,1,1,0,1
id_434,emol,0,2,0,2,2,0,1,2,2,3
id_435,emol,0,1,0,1,1,0,1,1,0,1
id_436,emol,1,0,0,1,0,1,0,0,1,0
id_437,emol,0,0,0,0,0,0,0,0,0,0
id_438,emol,0,0,0,0,0,0,0,1,0,1
id_439,emol,0,0,1,2,0,1,0,1,3,4
id_44,bbcl,3,3,2,4,2,3,4,1,4,4
id_440,emol,0,0,0,1,0,0,0,0,1,0
id_441,emol,0,0,0,1,0,0,0,0,0,0
id_442,emol,0,0,0,1,0,0,0,1,0,0
id_443,emol,0,0,0,0,0,0,0,0,0,0
id_444,emol,0,1,0,0,0,1,0,1,1,1
id_445,emol,0,1,0,0,0,0,0,0,0,1
id_446,emol,0,1,0,1,2,2,0,3,2,4
id_447,mediosregionales,1,2,0,1,1,0,1,2,2,1
id_448,mediosregionales,1,2,0,1,1,0,1,2,2,1
id_449,mediosregionales,0,0,0,1,0,0,0,0,0,0
id_45,bbcl,2,2,2,3,3,3,2,5,5,4
id_450,mediosregionales,0,0,0,0,1,0,0,1,0,2
id_451,mediosregionales,1,1,1,1,0,1,0,0,1,0
id_452,mediosregionales,0,0,0,0,0,0,0,0,0,1
id_453,mediosregionales,0,0,0,0,1,0,0,0,0,1
id_454,mediosregionales,0,2,0,1,0,0,0,1,0,2
id_455,mediosregionales,0,1,0,0,1,0,0,0,0,4
id_456,mediosregionales,0,0,0,0,0,0,0,0,0,1
id_457,mediosregionales,0,0,0,1,0,0,0,2,0,3
id_458,mediosregionales,0,1,0,0,0,0,0,0,0,2
id_459,mediosregionales,0,0,0,1,0,1,0,1,1,1
id_46,bbcl,1,1,0,2,0,0,0,0,1,3
id_460,mediosregionales,0,1,0,1,0,0,0,1,1,2
id_461,mediosregionales,0,0,0,0,0,1,0,1,1,1
id_462,mediosregionales,0,0,0,0,0,0,0,0,0,0
id_463,mediosregionales,0,1,0,1,0,0,0,0,2,3
id_464,mediosregionales,0,1,0,2,0,0,0,1,1,2
id_465,mediosregionales,0,1,0,1,0,0,0,0,0,3
id_466,mediosregionales,0,0,0,1,0,0,0,0,0,0
id_467,mediosregionales,0,0,0,1,1,1,0,5,1,5
id_468,mediosregionales,0,0,0,0,0,0,0,0,0,1
id_469,mediosregionales,0,0,0,0,0,0,0,0,1,1
id_47,bbcl,2,2,1,3,1,1,1,0,4,3
id_470,mediosregionales,0,1,0,1,0,0,0,1,0,1
id_471,mediosregionales,0,0,0,0,0,0,0,0,0,1
id_472,mediosregionales,0,2,0,1,1,0,0,2,0,3
id_473,mediosregionales,0,0,0,2,0,0,1,0,0,0
id_474,mediosregionales,0,1,0,1,0,0,0,0,0,2
id_475,mediosregionales,0,1,0,1,0,0,1,0,1,2
id_476,mediosregionales,0,0,0,0,0,0,0,2,0,1
id_477,mediosregionales,1,0,0,1,0,0,1,0,0,0
id_478,mediosregionales,0,0,0,1,0,0,0,0,0,0
id_479,mediosregionales,2,1,2,3,0,1,1,1,2,1
id_48,bbcl,7,2,1,9,3,9,0,2,13,6
id_480,mediosregionales,0,0,0,1,0,0,0,0,1,2
id_481,mediosregionales,0,0,0,1,0,0,0,0,0,0
id_482,mediosregionales,0,0,0,1,0,0,0,0,0,0
id_483,mediosregionales,0,1,0,0,0,0,0,0,0,0
id_484,mediosregionales,0,1,0,1,0,0,0,0,0,1
id_485,mediosregionales,0,0,0,0,0,0,0,0,0,0
id_486,mediosregionales,0,1,0,1,1,0,1,1,0,2
id_487,mediosregionales,0,0,0,0,0,0,0,1,0,1
id_488,mediosregionales,0,0,0,1,0,0,0,1,0,1
id_489,mediosregionales,0,1,0,1,1,0,0,3,0,3
id_49,bbcl,0,0,0,0,0,0,0,1,1,3
id_490,mediosregionales,0,0,0,0,0,0,0,0,0,0
id_491,mediosregionales,0,0,0,0,0,0,0,2,1,3
id_492,mediosregionales,0,0,0,1,0,1,1,0,1,1
id_493,mediosregionales,0,0,0,0,0,0,0,0,0,0
id_494,mediosregionales,0,0,0,1,0,0,0,0,0,0
id_495,mediosregionales,0,0,0,1,0,0,0,2,0,2
id_496,mediosregionales,0,1,0,0,0,0,0,0,0,1
id_497,mediosregionales,0,0,0,1,0,0,0,0,0,0
id_498,mediosregionales,0,0,0,1,0,0,0,1,0,2
id_499,mediosregionales,0,0,0,1,0,0,0,0,0,0
id_5,bbcl,0,2,0,0,0,0,0,0,0,1
id_50,bbcl,0,2,0,1,3,0,2,5,0,5
id_500,mediosregionales,1,0,0,2,0,1,0,1,1,2
id_501,mediosregionales,1,0,0,1,0,1,0,0,2,1
id_502,mediosregionales,0,0,0,1,0,0,0,2,0,1
id_503,mediosregionales,1,0,0,2,0,1,0,0,1,1
id_504,mediosregionales,0,0,0,0,1,0,0,1,0,2
id_505,mediosregionales,1,1,1,2,0,1,0,0,1,0
id_506,mediosregionales,0,0,0,0,0,0,0,1,0,1
id_507,mediosregionales,0,0,0,1,0,0,0,3,0,0
id_508,mediosregionales,0,0,0,2,1,0,0,1,1,1
id_509,mediosregionales,0,1,0,1,0,0,0,2,1,4
id_51,bbcl,0,2,0,0,2,1,1,4,1,5
id_510,mediosregionales,0,0,0,0,0,0,0,0,0,1
id_511,mediosregionales,0,0,0,1,0,0,0,0,0,0
id_512,mediosregionales,0,0,0,0,1,0,0,2,0,1
id_513,mediosregionales,0,0,0,1,0,0,0,1,0,2
id_514,mediosregionales,0,0,0,0,0,0,0,0,0,0
id_515,mediosregionales,0,1,0,1,0,0,0,0,2,0
id_516,mediosregionales,1,0,0,2,1,1,0,4,1,3
id_517,mediosregionales,0,0,0,1,0,0,0,1,0,0
id_518,mediosregionales,0,0,0,0,0,0,0,2,0,2
id_519,mediosregionales,0,1,0,1,2,0,1,3,0,4
id_52,bbcl,3,3,2,5,5,4,1,4,5,8
id_520,mediosregionales,0,1,0,2,0,1,0,0,2,0
id_521,mediosregionales,0,0,0,0,0,0,0,0,0,0
id_522,mediosregionales,0,0,0,1,0,0,0,1,0,2
id_523,mediosregionales,0,0,0,1,0,0,0,0,0,0
id_524,mediosregionales,0,1,0,2,0,0,1,1,0,2
id_525,mediosregionales,0,0,0,1,0,0,0,0,0,1
id_526,mediosregionales,0,0,0,0,1,0,0,0,0,1
id_527,mediosregionales,0,1,0,0,1,0,1,1,0,1
id_528,mediosregionales,0,0,0,0,0,0,0,0,0,2
id_529,mediosregionales,0,0,0,0,0,0,0,0,0,1
id_53,bbcl,3,1,2,2,0,3,1,0,3,2
id_530,mediosregionales,0,0,0,0,0,0,0,0,0,0
id_531,mediosregionales,0,1,0,3,0,0,1,0,2,2
id_532,mediosregionales,0,3,0,0,1,0,0,1,0,2
id_533,mediosregionales,0,1,0,0,0,0,0,0,0,1
id_534,mediosregionales,0,0,0,1,0,1,0,0,1,0
id_535,mediosregionales,0,1,0,1,1,0,1,2,0,2
id_536,mediosregionales,0,0,0,0,1,0,0,2,0,1
id_537,mediosregionales,0,1,0,0,1,0,0,1,0,5
id_538,mediosregionales,1,1,2,3,0,1,1,1,2,2
id_539,mediosregionales,0,1,0,1,0,0,0,0,2,2
id_54,bbcl,0,3,0,2,2,0,0,2,1,5
id_540,mediosregionales,0,1,0,0,0,0,0,1,0,2
id_541,mediosregionales,0,0,0,1,0,0,0,1,0,1
id_542,mediosregionales,0,1,1,1,0,0,0,1,0,1
id_543,mediosregionales,0,0,0,0,0,0,0,0,0,0
id_544,mediosregionales,0,1,0,0,0,0,0,1,1,3
id_545,mediosregionales,0,0,0,0,0,0,0,0,0,0
id_546,mediosregionales,0,0,0,0,0,0,0,0,1,0
id_547,mediosregionales,0,0,0,0,0,0,0,0,0,0
id_548,mediosregionales,0,0,0,1,0,0,0,1,0,1
id_549,mediosregionales,0,1,0,1,0,0,0,1,0,0
id_55,bbcl,0,2,0,3,3,0,1,3,0,5
id_550,mediosregionales,0,3,0,2,0,1,0,0,3,0
id_551,mediosregionales,0,1,0,0,0,0,0,0,0,3
id_552,mediosregionales,0,0,0,0,0,0,0,3,0,2
id_553,mediosregionales,0,1,0,1,0,0,0,1,0,2
id_554,mediosregionales,0,0,0,0,0,0,0,0,0,0
id_555,mediosregionales,0,0,0,1,0,0,0,0,0,1
id_556,mediosregionales,0,0,0,1,0,0,0,0,0,0
id_557,mediosregionales,0,0,0,0,0,1,0,0,1,0
id_558,mediosregionales,0,0,0,0,1,0,0,2,0,1
id_559,mediosregionales,0,0,0,0,0,1,0,0,1,0
id_56,bbcl,0,1,1,0,1,0,2,4,1,4
id_560,mediosregionales,0,0,0,0,0,0,0,0,0,0
id_561,mediosregionales,0,0,0,0,0,0,0,0,0,0
id_562,mediosregionales,0,0,0,1,0,0,0,0,0,0
id_563,mediosregionales,0,0,0,1,0,1,0,1,1,2
id_564,mediosregionales,0,0,0,0,0,0,0,1,0,1
id_565,mediosregionales,0,2,0,1,0,0,0,1,0,1
id_566,mediosregionales,0,1,1,0,0,0,0,0,1,0
id_567,mediosregionales,0,0,0,1,0,0,0,2,0,1
id_568,mediosregionales,0,0,0,0,0,0,0,0,0,0
id_569,mediosregionales,0,2,0,1,0,0,0,1,0,1
id_57,bbcl,1,1,1,2,0,1,0,0,2,1
id_570,mediosregionales,0,0,0,1,0,0,0,0,0,0
id_571,mediosregionales,0,0,0,1,0,1,0,0,1,0
id_572,mediosregionales,0,0,0,1,0,0,0,1,0,2
id_573,mediosregionales,0,0,0,0,0,0,0,0,0,0
id_574,mediosregionales,0,0,0,0,0,0,0,1,0,2
id_575,mediosregionales,0,1,0,1,0,0,0,0,0,2
id_576,mediosregionales,0,0,0,0,0,0,0,0,0,1
id_577,mediosregionales,1,2,1,2,2,0,1,2,1,2
id_578,mediosregionales,0,0,0,0,0,0,0,0,0,1
id_579,mediosregionales,2,1,0,2,0,2,2,0,3,1
id_58,bbcl,1,2,1,2,0,1,0,0,2,3
id_580,mediosregionales,0,0,0,1,0,0,0,1,0,0
id_581,mediosregionales,0,0,0,0,0,0,0,0,0,0
id_582,mediosregionales,0,0,0,1,0,0,0,0,1,0
id_583,mediosregionales,0,0,1,0,0,0,0,1,1,0
id_584,mediosregionales,1,0,0,1,0,0,0,2,1,0
id_585,mediosregionales,0,0,0,1,0,0,0,0,0,0
id_586,mediosregionales,0,0,0,0,0,0,0,1,0,1
id_587,mediosregionales,1,0,0,1,0,1,1,1,1,3
id_588,mediosregionales,0,2,0,1,1,0,1,2,0,2
id_589,mediosregionales,0,0,0,0,0,0,0,4,0,4
id_59,bbcl,0,1,0,1,0,0,0,0,1,0
id_590,mediosregionales,0,0,0,1,0,0,0,0,1,0
id_591,mediosregionales,0,1,1,2,1,0,0,1,1,1
id_592,mediosregionales,0,1,0,2,0,0,1,0,0,2
id_593,mediosregionales,2,0,1,4,0,2,0,1,3,1
id_594,mediosregionales,0,0,0,0,0,0,0,2,0,1
id_595,mediosregionales,0,0,0,1,0,0,0,2,0,0
id_596,mediosregionales,0,0,0,0,1,0,0,1,1,4
id_597,mediosregionales,0,0,0,0,0,0,0,0,0,1
id_598,mediosregionales,0,0,0,0,0,0,1,0,1,0
id_599,mediosregionales,0,0,0,1,0,1,0,1,2,0
id_6,bbcl,0,0,0,1,3,1,0,3,2,6
id_60,bbcl,0,1,0,0,1,0,1,4,2,4
id_600,mediosregionales,0,0,0,0,0,0,0,2,0,3
id_601,mediosregionales,1,0,1,2,0,0,0,0,1,3
id_602,mediosregionales,0,0,1,0,0,0,0,4,0,2
id_603,mediosregionales,0,1,0,1,0,0,0,1,0,1
id_604,mediosregionales,0,1,0,1,0,0,0,2,0,1
id_605,mediosregionales,0,1,0,0,0,0,0,0,0,1
id_606,mediosregionales,0,0,0,1,0,0,0,1,0,1
id_607,mediosregionales,1,0,0,2,0,0,0,1,1,2
id_608,mediosregionales,1,1,1,2,1,2,1,1,2,2
id_609,mediosregionales,0,2,0,2,0,1,0,2,2,1
id_61,bbcl,1,1,1,1,0,1,0,0,1,0
id_610,mediosregionales,0,0,0,0,0,0,0,0,0,0
id_611,mediosregionales,0,0,0,0,2,0,2,2,1,3
id_612,mediosregionales,0,0,0,0,0,0,0,2,0,0
id_613,mediosregionales,0,0,0,1,0,0,0,0,0,0
id_614,mediosregionales,0,0,0,0,0,0,0,0,0,0
id_615,mediosregionales,0,0,0,1,1,0,0,0,1,5
id_616,mediosregionales,0,0,0,0,0,0,1,0,1,1
id_617,mediosregionales,0,0,0,1,0,0,0,1,0,1
id_618,mediosregionales,0,0,0,0,1,0,0,4,0,2
id_619,mediosregionales,0,1,0,0,1,0,1,2,0,2
id_62,bbcl,0,0,0,1,0,0,0,0,1,1
id_620,mediosregionales,1,0,0,0,0,0,1,0,0,0
id_621,mediosregionales,0,2,0,0,0,0,0,1,0,2
id_622,mediosregionales,0,1,0,2,1,0,1,0,0,1
id_623,mediosregionales,0,0,0,1,0,0,0,0,0,0
id_624,mediosregionales,0,3,0,1,1,0,1,1,0,2
id_625,mediosregionales,1,0,0,2,0,1,0,2,2,2
id_626,mediosregionales,0,0,0,1,0,0,0,1,1,0
id_627,mediosregionales,0,1,0,0,0,0,0,3,0,5
id_628,mediosregionales,0,2,0,2,1,0,1,0,0,1
id_629,mediosregionales,0,0,0,0,0,0,0,1,0,2
id_63,bbcl,0,0,1,0,0,2,0,0,1,1
id_630,mediosregionales,0,0,0,0,1,0,0,1,0,2
id_631,mediosregionales,0,0,0,1,0,0,0,0,1,1
id_632,mediosregionales,0,0,0,1,0,0,0,1,0,1
id_633,mediosregionales,0,0,0,1,0,0,0,0,0,0
id_634,mediosregionales,0,0,0,1,0,0,0,0,0,0
id_635,mediosregionales,0,2,0,1,3,0,2,3,1,3
id_636,mediosregionales,0,0,0,1,1,0,0,1,0,1
id_637,mediosregionales,1,1,0,3,0,1,0,2,2,3
id_638,mediosregionales,0,2,0,2,0,1,0,1,1,2
id_639,mediosregionales,0,1,0,1,0,0,0,1,0,1
id_64,bbcl,1,3,0,0,5,0,1,1,2,8
id_640,mediosregionales,0,1,0,1,1,0,1,1,0,1
id_641,mediosregionales,0,0,0,0,1,0,0,2,0,2
id_642,mediosregionales,0,0,0,1,0,0,0,2,0,2
id_643,mediosregionales,0,0,0,1,0,0,0,0,0,1
id_644,mediosregionales,0,0,0,1,0,0,0,1,0,1
id_645,mediosregionales,0,0,0,0,0,0,0,0,0,0
id_646,mediosregionales,0,0,0,0,0,0,0,1,1,1
id_647,mediosregionales,0,1,0,0,0,0,1,1,0,3
id_648,mediosregionales,0,0,0,1,0,0,0,0,0,2
id_649,mediosregionales,0,0,0,0,0,0,0,0,0,1
id_65,bbcl,0,2,1,2,1,1,0,5,2,4
id_650,mediosregionales,1,1,1,2,0,1,0,0,2,3
id_651,mediosregionales,0,0,0,1,0,0,0,1,1,0
id_652,mediosregionales,0,0,0,0,0,0,0,1,0,0
id_653,mediosregionales,1,0,0,2,0,1,0,1,1,0
id_654,mediosregionales,0,1,0,1,0,0,0,1,0,3
id_655,mediosregionales,0,0,0,1,0,0,0,0,0,0
id_656,mediosregionales,0,2,0,0,2,0,2,3,0,4
id_657,mediosregionales,0,0,0,0,1,0,0,0,1,1
id_658,mediosregionales,0,0,0,0,0,0,0,0,0,0
id_659,mediosregionales,0,0,0,1,1,0,0,3,0,5
id_66,bbcl,0,2,0,3,1,0,1,2,2,3
id_660,mediosregionales,0,0,0,1,0,0,0,0,0,1
id_661,mediosregionales,0,0,0,1,0,0,0,1,2,1
id_662,mediosregionales,0,0,0,2,0,0,0,0,1,0
id_663,mediosregionales,0,0,0,1,0,0,0,0,0,1
id_664,mediosregionales,0,0,0,1,0,0,0,4,0,3
id_665,mediosregionales,0,0,0,0,0,0,0,0,0,2
id_666,mediosregionales,0,0,0,0,0,0,0,0,0,2
id_667,mediosregionales,0,0,0,1,0,1,0,0,1,0
id_668,mediosregionales,0,1,0,2,0,0,0,2,2,2
id_669,mediosregionales,0,0,0,1,1,0,0,1,0,1
id_67,bbcl,0,3,3,0,5,0,1,6,4,10
id_670,mediosregionales,0,0,0,0,0,0,0,1,1,3
id_671,mediosregionales,0,0,0,0,1,0,0,2,1,3
id_672,mediosregionales,0,1,0,1,0,0,0,0,1,1
id_673,mediosregionales,0,0,0,0,0,0,0,1,0,0
id_674,mediosregionales,0,2,0,1,1,0,0,1,0,2
id_675,mediosregionales,0,0,0,0,0,0,0,1,0,3
id_676,mediosregionales,0,0,0,1,1,0,0,1,0,2
id_677,mediosregionales,0,0,0,1,1,0,0,1,0,2
id_678,mediosregionales,0,0,0,0,1,0,0,1,0,1
id_679,mediosregionales,0,0,0,1,0,1,0,2,1,3
id_68,bbcl,0,4,0,1,1,0,0,3,1,4
id_680,mediosregionales,0,1,0,0,0,0,0,1,1,1
id_681,mediosregionales,0,1,0,2,0,0,1,0,0,1
id_682,mediosregionales,0,1,0,1,0,0,0,0,0,1
id_683,mediosregionales,0,2,0,0,1,0,1,3,0,3
id_684,mediosregionales,2,2,2,4,1,2,2,2,2,1
id_685,mediosregionales,1,1,1,3,0,2,1,0,3,1
id_686,mediosregionales,0,0,0,0,0,0,0,0,0,0
id_687,mediosregionales,0,0,0,1,0,0,0,0,0,0
id_688,mediosregionales,0,0,0,0,0,0,0,1,0,1
id_689,mediosregionales,1,2,0,2,2,0,2,2,1,2
id_69,bbcl,0,3,0,0,0,0,0,3,1,5
id_690,mediosregionales,0,0,0,0,0,0,0,1,0,0
id_691,mediosregionales,0,3,0,3,3,1,3,4,1,5
id_692,mediosregionales,0,1,0,0,0,0,0,0,0,1
id_693,mediosregionales,2,0,1,3,0,1,1,0,2,0
id_694,mediosregionales,0,4,0,2,4,1,3,5,1,6
id_695,mediosregionales,0,0,0,1,0,1,1,0,2,1
id_696,mediosregionales,0,1,0,1,1,0,1,2,0,2
id_697,guioteca,0,0,0,0,0,0,0,0,0,0
id_698,guioteca,0,0,0,0,0,0,0,0,0,0
id_699,guioteca,1,0,0,1,0,0,0,0,1,1
id_7,bbcl,0,0,0,1,0,0,0,0,0,1
id_70,bbcl,0,0,0,1,2,1,0,3,1,2
id_700,guioteca,0,0,0,0,0,0,0,0,0,1
id_701,guioteca,0,0,0,1,0,1,0,0,1,1
id_702,guioteca,0,0,0,0,0,0,0,0,0,0
id_703,guioteca,0,0,0,0,0,0,0,1,0,0
id_704,guioteca,0,1,0,0,1,0,0,2,0,2
id_705,guioteca,0,0,0,0,0,0,0,0,0,0
id_706,guioteca,0,0,0,0,0,0,0,0,0,0
id_707,guioteca,0,1,0,2,0,0,0,0,1,2
id_708,guioteca,0,0,0,0,0,0,0,0,0,0
id_709,guioteca,0,0,0,0,0,0,0,0,0,1
id_71,bbcl,0,0,0,0,1,0,0,0,0,3
id_710,guioteca,0,0,0,0,0,0,0,0,0,0
id_711,guioteca,0,0,0,0,0,0,0,0,0,0
id_712,guioteca,0,0,1,0,0,1,0,2,2,2
id_713,guioteca,1,0,1,0,0,1,0,0,1,0
id_714,guioteca,0,0,0,0,0,0,0,0,0,0
id_715,guioteca,0,0,0,0,0,0,0,0,0,1
id_716,guioteca,0,0,1,1,1,0,0,2,1,2
id_717,guioteca,0,0,0,1,0,0,0,0,0,0
id_718,guioteca,0,0,0,0,0,1,0,0,1,0
id_719,guioteca,0,0,0,0,0,0,0,1,0,0
id_72,bbcl,0,1,0,4,1,1,0,4,1,2
id_720,guioteca,0,1,0,1,0,0,0,0,0,0
id_721,guioteca,0,0,0,0,0,0,0,0,0,1
id_722,guioteca,0,0,0,0,0,0,0,0,0,0
id_723,guioteca,0,0,0,1,0,0,0,0,1,0
id_724,guioteca,0,2,0,1,0,0,0,0,1,0
id_725,guioteca,0,0,0,1,0,0,0,1,0,1
id_726,guioteca,0,0,0,1,0,1,0,1,1,1
id_727,guioteca,0,0,0,1,0,0,0,0,0,0
id_728,guioteca,0,0,0,0,0,0,0,0,0,0
id_729,guioteca,0,1,1,2,2,3,1,2,2,2
id_73,bbcl,0,1,0,0,0,0,0,1,0,2
id_74,bbcl,1,1,0,2,1,0,0,2,1,4
id_75,bbcl,0,1,0,0,1,1,0,2,1,3
id_76,bbcl,0,1,0,0,0,2,0,1,2,4
id_77,bbcl,1,0,0,3,0,1,0,1,1,1
id_78,bbcl,0,1,1,1,2,1,1,1,2,2
id_79,bbcl,1,2,1,3,1,1,1,2,3,3
id_8,bbcl,2,1,3,3,1,0,0,5,3,5
id_80,bbcl,0,1,0,1,1,1,0,1,0,2
id_81,bbcl,1,1,0,1,0,1,0,2,2,3
id_82,bbcl,0,4,0,0,0,0,0,1,0,2
id_83,bbcl,1,0,0,0,0,0,0,3,1,2
id_84,bbcl,1,1,0,2,0,2,0,1,2,4
id_85,bbcl,0,0,1,1,1,0,1,5,1,2
id_86,bbcl,0,1,0,0,1,0,1,2,0,4
id_87,,0,0,0,0,0,0,0,0,0,0
id_88,bbcl,1,2,0,2,0,1,1,3,3,6
id_89,bbcl,0,2,0,0,4,0,0,5,1,8
id_9,bbcl,0,3,3,3,1,4,2,3,5,3
id_90,bbcl,1,0,1,1,1,1,0,0,1,3
id_91,bbcl,0,1,0,1,2,0,0,2,2,3
id_92,bbcl,2,0,2,1,0,2,1,4,4,3
id_93,bbcl,0,1,1,0,1,0,1,2,0,4
id_94,bbcl,0,1,0,0,0,0,0,0,0,1
id_95,bbcl,2,1,2,2,0,3,0,0,4,1
id_96,bbcl,1,3,2,6,1,2,0,0,6,3
id_97,bbcl,1,1,0,1,0,0,0,1,1,3
id_98,bbcl,2,1,1,1,0,0,0,1,2,4
id_99,bbcl,0,1,0,0,0,0,0,1,0,2
