ID,medio,titulo_noticia,score_total
id_1,bbcl,Crean sistema para predecir de manera exacta en qué lugar habrá incendios: estaría listo en marzo,6
id_10,bbcl,¿Por el cambio climático? Encuentran raro pez de aguas profundas a metros de la superficie en EEUU,8
id_100,bbcl,"El biólogo chileno que puso en duda la teoría del origen de los primates: ""Ha sido muy controversial""",1
id_103,bbcl,Investigadores reinsertan 287 toromiros en Rapa Nui: árbol endémico estuvo extinto por 60 años,5
id_104,bbcl,El peligro que acecha a Rapa Nui: Moáis pueden desaparecer por el aumento del mar en algunos años más,-5
id_105,bbcl,Estadounidense muere por una bacteria carnívora tras hacerse mínima herida con el remolque de un bote,-3
id_107,bbcl,Golosos en alerta: crisis de las avellanas remece precios y golpearía a los amantes de la Nutella,-8
id_108,bbcl,No habrá lista única: dos partidos se bajan de pacto parlamentario al interior del oficialismo,4
id_109,bbcl,Rector de la UACh explica por qué cerrarán carreras técnicas y profesionales del campus Patagonia,2
id_11,bbcl,"5 preguntas y respuestas sobre la araña de rincón: la más mortal, presente en 90% de hogares de Chile",3
id_110,bbcl,Iniciativa capacita a funcionarios municipales del Bío Bío y Malleco en gestión de desastres naturales,0
id_111,bbcl,Deshielo de un glaciar deja al descubierto cuerpo de hombre desaparecido hace 28 años: estaba intacto,0
id_112,bbcl,"Científicos confirman que la raya diamante, con aguijón venenoso, llegó a Chile para quedarse",-1
id_113,bbcl,"China reportó 7 mil casos de virus ""chikunguña"" transmitido por mosquitos: OMS instó a tomar medidas",-2
id_114,bbcl,"Marius Borg, el problemático miembro de la realeza noruega en el que sobrecaen 23 denuncias",-12
id_115,bbcl,"El agua dulce está desapareciendo: encuentran 4 zonas de ""megasequedad"" que se expanden por la Tierra",2
id_117,bbcl,"Ola de calor récord azota a Finlandia y está afectando a los renos del ""Viejito Pascuero""",2
id_118,bbcl,Con foco en la electromovilidad: ¿Cómo avanza Chile hacia un transporte de carga más sustentable?,-1
id_119,bbcl,EEUU anuncia su salida de la Unesco por no contribuir a sus intereses,0
id_120,bbcl,Municipalidad de Valdivia anunció acciones contra sujeto que fue sorprendido botando basura en humedal,-1
id_121,bbcl,CMPC revela avances en sostenibilidad: destaca reducción de emisiones y gestión de residuos,0
id_122,bbcl,Reino Unido y Alemania pactan su mayor acuerdo de defensa mutua desde la Segunda Guerra Mundial,-2
id_123,bbcl,Metro de Nueva York inundado y dos muertos en Nueva Jersey: lluvias causan estragos al noreste de EEUU,1
id_124,bbcl,"Se viene el día más corto de la historia del planeta Tierra: entre 1,3 y 1,51 milisegundos menos",1
id_125,bbcl,"""Es como dispararse en los pies"": Mundaca critica al Ejecutivo por retraso de tren Valparaíso-Santiago",2
id_126,bbcl,No es solo un aumento de las temperaturas: por qué el cambio climático también significa frío extremo,-2
id_128,bbcl,"Lula busca que Brasil e India integren Consejo de Seguridad de la ONU: ""Hay países que animan guerras""",-4
id_129,bbcl,"Las abejas melíferas están eliminando el 80% del polen y dejan a las nativas sin nada, dice estudio",-2
id_13,bbcl,Incendios en la Patagonia argentina no cesan y ya han arrasado 21.000 hectáreas,2
id_131,bbcl,Con técnica Miyawaki: Gobierno de Santiago y Municipalidad de Peñalolén plantan más de mil árboles,2
id_132,bbcl,"James Hamilton, el denunciante de Karadima que encontró una explicación al abuso con el ""Homo exul""",-6
id_133,bbcl,Hallan parásitos y bacterias potencialmente peligrosas en 4% de ensaladas envasadas: cómo eliminarlos,-3
id_134,bbcl,"Reportan que el océano se está haciendo más salado en la Antártica: ""Es profundamente preocupante""",-7
id_135,bbcl,"ONU advierte sobre frío extremo en Chile y Argentina: ""la dureza de este evento es excepcional""",4
id_136,bbcl,Con un incómodo abrazo: Milei traspasa la presidencia del Mercosur a Lula,-5
id_137,bbcl,"El cóndor andino y otras 500 especies de aves se extinguirán en los próximos 100 años, según estudio",2
id_138,bbcl,"Gobierno defiende en el Senado la asistencia de Boric a foro de los BRICS: ""Es una decisión prudente""",9
id_139,bbcl,¿Quién es Lauren Sánchez? La futura esposa del magnate estadounidense Jeff Bezos,2
id_14,bbcl,"Congreso Futuro 2026 en vivo: sigue el evento por streaming y conoce programa, entradas y fechas",4
id_141,bbcl,Científicos de Escocia crean paracetamol a partir de residuos plásticos: usaron bacterias modificadas,-1
id_142,bbcl,Cuándo es el cambio de hora: la fecha de retorno al horario de verano y a los días más largos,1
id_143,bbcl,9 rituales populares durante la Noche de San Juan: se dice que algunos atraen el amor y la prosperidad,14
id_144,bbcl,Armada alerta por marejadas en 14 regiones del país con olas de hasta 5 metros,0
id_145,bbcl,USS se integra al Comité Oceanográfico Nacional: aportará con investigación en Ciencias del Mar,2
id_146,bbcl,Así será el invierno 2025 en Chile: adelantan condiciones extremas por el cambio climático,-1
id_147,bbcl,"Un nuevo proyecto eólico en Chiloé amenaza al río Huicha, un bosque nativo y una estación biológica",-4
id_148,bbcl,Arquitecturas efímeras del sur del mundo: Lecciones éticas y culturales desde la Tierra del Fuego,-2
id_149,bbcl,¿Por qué Marte perdió toda su agua? Científicos creen que un fenómeno natural pudo haberlo provocado,-2
id_15,bbcl,Temperatura de los océanos alcanzó máximos históricos en 2025: por qué es preocupante,5
id_150,bbcl,Investigadora chilena liderará evaluación global de soluciones públicas medioambientales,0
id_151,bbcl,Perú firmó el Tratado de Alta Mar: la polémica sobre las 200 millas y la postura de Chile,7
id_152,bbcl,"Baguales, la cordillera olvidada frente a Torres del Paine",4
id_153,bbcl,SLEP Valparaíso: funcionario trabajó simultáneamente en el servicio y en el municipio de La Calera,2
id_154,bbcl,"La ONU advierte que la temperatura promedio de la Tierra podría superar el límite de 1,5° C al 2029",1
id_155,bbcl,"Pueblo suizo quedó destruido por desprendimiento de un glaciar, pero estaban preparados y nadie murió",0
id_157,bbcl,"Experto explica por qué el chinche del arce regresó en pleno otoño: ""Debería iniciar su hibernación""",-6
id_158,bbcl,Chile logra doble hito en Antártica: primera base científica permanente y con jefa en invierno,2
id_159,bbcl,"Qué es Sernafor, el nuevo organismo que reemplazará a Conaf con novedades en combate de incendios",-1
id_16,bbcl,Por orden de Trump: las organizaciones de la ONU de las que se retiró EEUU (y cómo reaccionó Guterres),3
id_160,bbcl,Causa y Efecto: ¿Estamos preparados para tornados? el caso de Puerto Varas abre una alerta nacional,4
id_161,bbcl,¿Podría producirse un tornado en Santiago? Qué dicen los expertos y la historia,-2
id_164,bbcl,Presidente Gabriel Boric viajará a Puerto Varas tras estragos generados por tornado,-2
id_167,bbcl,CChC expone 60 propuestas a candidatos presidenciales: busca promover inversión y acceso a viviendas,11
id_168,bbcl,Qué tan peligrosa es y cómo reconocer la Mosca de la Fruta: aumentaron en Chile en los últimos años,1
id_169,bbcl,"Presidente Boric defiende el ""multilateralismo, diálogo y libre comercio justo"" en foro China-Celac",0
id_17,bbcl,Informe REMA 2025 revela disminución del 23% en contaminación por material particulado en Chile,-1
id_171,bbcl,¿Qué piensa el Papa León XIV sobre...? La postura del sumo pontífice respecto de temas controversiales,-1
id_172,bbcl,Usach postula al sociólogo Cristian Parker al Premio Nacional de Humanidades y Ciencias Sociales 2025,3
id_173,bbcl,Día Mundial del Asma: la compleja enfermedad crónica en alza en Chile y los factores que la provocan,-1
id_175,bbcl,"Boric en Brasil: ""Tenemos que defender el multilateralismo como herramienta para enfrentar desafíos""",5
id_176,bbcl,"Alcalde de Pucón tras intensas precipitaciones en la zona: ""No son normales, fue demasiado""",-5
id_177,bbcl,"El cambio climático aumenta el arsénico en el arroz y podría volverse cancerígeno, según estudio",-2
id_178,bbcl,Boric podría asistir como invitado a cumbre del BRICS: expertos llaman a evaluar posibles efectos,1
id_179,bbcl,"Por sexta vez, Chile será el primer país de Latam en alcanzar el Sobregiro Ecológico: quedan 4 semanas",-3
id_18,bbcl,Firman convenio para acelerar implementación de infraestructuras de aguas lluvias para la RM,4
id_180,bbcl,Inauguran Feria Expomin 2025 con gran hito: es el primer evento carbono-neutral del sector minero,1
id_181,bbcl,"Congreso internacional, pabellón de innovación y más: Las actividades planeadas para Expomin 2025",6
id_182,bbcl,"¿Por qué la superficie del océano se está calentando 4,5 veces más rápido desde 2019?",-2
id_183,bbcl,"Cancillería expresa condolencias por fallecimiento de papa Francisco: ""Fue un líder internacional""",0
id_184,bbcl,Imagen de un niño palestino mutilado en Gaza es elegida Foto del Año del World Press Photo,0
id_186,bbcl,"Califican ""insuficiente"" el compromiso de Chile para mantener el calentamiento global en 1,5°C al 2035",3
id_188,bbcl,Cabras sobrevivieron casi 3 siglos sin agua dulce en isla de Brasil: estudian posible nueva raza,2
id_189,bbcl,Transforma el peligro en oportunidad: Descubren árbol que se beneficia de los rayos para sobrevivir,3
id_19,bbcl,Congreso Futuro 2026: ¿cuándo comienza y quiénes serán los expositores de este año?,10
id_191,bbcl,"Máximo Corvalán-Pincheira: ""Chile, la tensión entre memoria, olvido, supervivencia y desaparición""",0
id_193,bbcl,¿Por qué los millennials se ven más jóvenes que los veinteañeros de la Generación Z?,4
id_195,bbcl,"Presidente Boric defiende proyectos a largo plazo y critica el modo ""motosierra"" en reformas estatales",3
id_196,bbcl,BID en Chile: brazo financiero del organismo se propone duplicar sus inversores en Latinoamérica,5
id_198,emol,El estado del medio ambiente en Chile: Las olas de calor se incrementaron a más del doble en 60 años,0
id_2,bbcl,Investigadores chilenos desarrollan árboles nativos más resistentes para reforestar tras incendios,1
id_20,bbcl,"El abejorro más grande del mundo, nativo de Chile y Argentina, está luchando contra la extinción",-7
id_201,emol,Clima extremo en 2025: Las olas de calor fueron los eventos meteorológicos que más muertes causaron en el año,2
id_202,emol,Declaran Aculeo como Humedal Urbano: Revisa qué implica la medida para la laguna que se había secado en 2018,-6
id_204,emol,Problemas hepáticos y gastrointestinales o dermatitis: Los riesgos para la salud que tiene el agua del lago Vichuquén,0
id_206,emol,Suiza rechaza en referéndum un impuesto del 50% a las grandes fortunas para combatir el cambio climático,8
id_207,emol,"COP30: Estudio ubica a Chile, Colombia y Brasil como los líderes climáticos de Latinoamérica",2
id_208,emol,Entre la supervivencia y el éxodo climático: ¿Qué se juegan las islas del Pacífico en la COP30?,-3
id_209,emol,Desplazados por desastres climáticos: Estudio revela que hubo más de 67.000 diarios en la última década,-2
id_21,bbcl,Ante calor extremo: qué medidas deberías adoptar en tu trabajo para evitar un daño en la salud,-4
id_210,emol,Arranca la COP30 en la Amazonía brasileña: Lula llama a &quot;imponer una nueva derrota a los negacionistas&quot;,-2
id_211,emol,"COP30: Claves para entender qué es, quiénes participan y por qué es importante para el cambio climático",-2
id_212,emol,"Alza de temperatura mundial se modera en 2025, pero sigue cerca del umbral de 1,5°C",-1
id_215,emol,China experimenta un &quot;boom&quot; de juicios ambientales: Casos son impulsados por fiscales y no por activistas,6
id_216,emol,Chile reclasifica el estado de conservación del pingüino de Humboldt: Pasó de &quot;vulnerable&quot; a &quot;en peligro&quot;,-2
id_217,emol,El desarrollo de estructuras metaorgánicas concede el Nobel de Química: ¿Por qué son tan importantes?,-3
id_22,bbcl,Un millonario proyecto de amoníaco verde en Mejillones queda listo para su aprobación final,-2
id_220,emol,Trump critica a la ONU en Asamblea General y asegura que reconocer a Palestina es una &quot;recompensa&quot; para Hamás,-3
id_222,emol,Entre 6 y 18 millones de jóvenes latinoamericanos caerán en la pobreza para 2030 a causa del cambio climático,-2
id_223,emol,La propagación de información falsa ya es percibida como una las mayores amenazas globales,-5
id_224,emol,Científicos alertan que la Antártica está en fase crítica de cambios por el clima: &quot;Tendrá efectos para generaciones futuras&quot;,-2
id_225,emol,Declaran al Estero Reñaca en Viña del Mar como humedal urbano: Ya son 134 en el país,-3
id_227,emol,Retroceso de un glaciar deja al descubierto los restos de un británico que cayó en una grieta en la Antártica hace 66 años,-2
id_228,emol,Deshielo de un glaciar en Pakistán deja al descubierto el cuerpo de un hombre desaparecido hace 28 años: Estaba intacto,-2
id_23,bbcl,Con nueva estrategia: aumenta a más del doble los recursos para el combate de incendios forestales,2
id_231,emol,Expectación en La Haya: CIJ emitirá opinión consultiva sobre el cambio climático que fijará un marco jurídico mundial,-4
id_232,emol,Estudio advierte que el deshielo de los glaciares podría provocar erupciones volcánicas más explosivas a nivel mundial,0
id_233,emol,Desde Perú hasta la India: Patrimonios de la Unesco se encuentran en riesgo por sequías o inundaciones,2
id_234,emol,Se quedaron sin oxígeno: Ola de calor provoca la muerte de todos los peces de un gran lago en República Checa,2
id_237,emol,ONU advierte deterioro alimentario en Sudamérica y pone bajo vigilancia a dos países por riesgo de hambruna,-8
id_238,emol,El importante precedente establecido por un tribunal alemán pese a rechazar demanda ambiental de agricultor peruano,1
id_239,emol,Toyota defiendo los vehículos híbridos y asegura que los eléctricos “no son tan limpios”,-3
id_24,bbcl,Descubren que una sustancia presente en el chocolate amargo puede retrasar el envejecimiento biológico,-1
id_240,emol,Resiste mejor inundaciones y olas de calor: Científica chilena desarrolla un arroz capaz de adaptarse al cambio climático,-3
id_241,emol,El cambio climático acelera la resistencia a los antimicrobianos: Millones mueren anualmente a causa de ello,-2
id_243,emol,¿Por qué el blanqueo de corales afecta sobre el 83% de los arrecifes y cómo amenaza la vida marina?,-3
id_244,emol,Boric hace guiños a Xi Jinping y rechaza a &quot;los que quieren volver al proteccionismo&quot; en foro con líder chino,2
id_247,emol,"Cambio climático: Europa sufrió inundaciones históricas en 2024, su año más cálido desde que existe registro",-3
id_249,emol,Se esperan &quot;otoños más secos&quot; y nuevos eventos climáticos extremos como el viento Puelche en el sur de Chile,2
id_25,bbcl,"Economistas presentan plan para destrabar crecimiento y Hacienda ve oportunidad, pero también riesgos",-2
id_250,emol,Día Mundial de los Glaciares: Cuánta masa han perdido en las últimas décadas y cómo fueron las cifras de 2024,-6
id_251,emol,"Informe del Clima a nivel mundial en 2024: El año más caluroso registrado y el primero que supera el umbral de los 1,5°C",1
id_252,emol,Estudio de la Universidad de Chile advierte que el país podría perder la mitad de su nieve a fines del siglo XXI,-1
id_253,emol,Se decretó alerta de calor extremo para hoy: Se pronostican temperaturas en torno a los 34°C para la zona central,1
id_260,emol,"¿Cambio climático, guerra mundial, caída del comercio?: Expertos proyectan cómo será el mundo en 2035",-1
id_261,emol,Los glaciares han perdido aproximadamente un 5% de su volumen total: ¿Cómo afecta su deshielo?,1
id_264,emol,Tribunal Ambiental confirma millonaria sanción a empresa por escape de salmones en 2018,2
id_268,emol,Detienen a dos activistas de Just Stop Oil tras interrumpir una obra de teatro en Londres: Participaba Sigourney Weaver,-2
id_269,emol,Festival de Viña anuncia plan de sostenibilidad: Gala será con &quot;canje&quot; de entrada a $3.000 para reforestación de árboles,-1
id_27,bbcl,Reportan la muerte de miles de pingüinos en Sudáfrica por inanición: se quedaron sin alimento,-10
id_270,emol,Nuevamente sin Marcel: Inicia el foro de Davos marcado por &quot;la mayor incertidumbre en una generación&quot;,4
id_273,emol,Identifican restos de un alpinista 60 años después de que cayera en una grieta en un glaciar en Austria,-4
id_275,emol,Base Amundsen-Scott: La historia del pilar de la investigación científica en el Polo Sur al que llegó el Presidente,2
id_277,emol,Ola de calor: El desigual impacto en la RM y las medidas de las municipalidades para intentar mitigarlo,6
id_278,emol,ONU advierte que el 77% de la superficie global se ha vuelto más seca: &quot;Este cambio está redefiniendo la vida en la Tierra&quot;,1
id_279,emol,StartupLabs: Anuncian la creación de una nueva red de innovación que busca transformar el emprendimiento en Chile,2
id_28,bbcl,"Diputada argentina quiere cobrar impuesto a las vacas por emitir gases: ""Tasa sobre el metano""",-1
id_281,emol,COP29 entra en su etapa decisiva: ONU llama a &quot;dejar el teatro&quot; en las negociaciones climáticas,-2
id_282,emol,En U20: Boric llama a combatir el cambio climático apuntando a liderazgos mundiales que &quot;niegan o minimizan&quot; la crisis,-1
id_284,emol,¿Quién debería pagar la &quot;factura climática&quot;? Qué es lo que quiere cada país en las discusiones de la COP29,-2
id_286,emol,Cuenta regresiva para la COP29: Conoce diez hitos de la lucha contra el cambio climático en el planeta,2
id_287,emol,ONU Hábitat: Más de 500 millones de personas estarán expuestas a inundaciones fluviales en ciudades para 2030,1
id_288,emol,"Aumentan problemas de salud vinculados al cambio climático: &quot;Si no actuamos ahora, el futuro se anuncia muy peligroso&quot;",-2
id_289,emol,&quot;El momento crítico para el clima ha llegado&quot;: Los mensajes y cifras que levantó el último informe de emisiones de la ONU,-3
id_29,bbcl,Al menos 9 perros habrían muerto por beber su agua: seremi y la compleja situación del lago Vichuquén,-4
id_290,emol,Qué es la financiación climática y por qué será uno de los temas clave a discutir en la próxima COP29,-3
id_292,emol,Tormentas en transformación: La influencia del calentamiento global en la rápida intensificación de los ciclones,-5
id_294,emol,Sudamérica al rojo: Los factores que han influido en los más de 400 mil incendios que han devastado la región en 2024,-1
id_295,emol,Niños nacidos desde 2020 enfrentarán más eventos climáticos extremos que cualquier generación anterior,-4
id_296,emol,De Colombia a Corea del Sur: Las últimas conferencias medioambientales de 2024 donde se espera un esfuerzo global,-3
id_297,emol,Convocatoria entregará 300 becas para un diplomado de Especialización en Reducción de Emisiones GEI,4
id_298,emol,Los países más amenazados por el calentamiento global: Podrían incluso quedar inhabitables este siglo,-2
id_299,emol,Cuáles son los 50 lugares considerados patrimonio mundial de la Unesco que corren mayor riesgo por la crisis climática,-4
id_3,bbcl,Estudio chileno descubrió cómo las plantas deciden entre crecer o resistir la sequía,6
id_30,bbcl,"EEUU saca a Sudáfrica del G20 de 2026 y lo acusa de ""sabotaje"" durante última cumbre en Johannesburgo",-2
id_300,emol,Un 2024 desafiante para los termómetros se encamina a ser el año más cálido jamás registrado,1
id_304,emol,Hallan momificado el cuerpo de un estadounidense que desapareció hace 22 años en una montaña en Perú,-2
id_305,emol,Estudio confirma que pintar casas y edificios completamente de blanco contribuye a combatir el calor en las ciudades,3
id_307,emol,Encuesta global por crisis climática: El 56% piensa regularmente sobre el tema y el 80% quiere medidas más enérgicas,1
id_308,emol,Ministra de OO.PP. anuncia mesa de trabajo por reciente socavón y no descarta más evacuaciones,2
id_309,emol,"Torrenciales lluvias frenan producción de Audi en Alemania, culpan al cambio climático",-2
id_31,bbcl,"Con inasistencia y denuncia de ""boicot"" de Trump, inicia una compleja cumbre del G20 en Sudáfrica",-2
id_310,emol,Día Mundial del Medio Ambiente: La salud de los ecosistemas chilenos y el impacto humano en 12 cifras claves,2
id_312,emol,Encuentro promoverá la sostenibilidad y el uso de la tecnología para enfrentar el cambio climático,1
id_314,emol,Corfo llama a las pymes a unirse al Programa Nacional &quot;Transforma Cambio Climático&quot;,1
id_315,emol,¿Qué pudo haber pasado en el vuelo de Singapore Airlines y qué tan frecuentes son las muertes por turbulencias?,-1
id_316,emol,Los desafíos aéreos que implican las turbulencias: ¿Puede un piloto evitarlas? ¿El cambio climático las intensifica?,0
id_317,emol,Encuentro ACI reunirá a expertos y premiará emprendedores con soluciones innovadoras frente al cambio climático,1
id_319,emol,El mundo lleva once meses de temperaturas anormalmente cálidas y océanos baten récords diarios desde hace un año,2
id_32,bbcl,Nuevo embajador de EE.UU en Chile asume con críticas a Boric y confirma permanencia de Visa Waiver,-3
id_322,emol,Cinco estrategias que pueden implementar las industrias para mitigar los gases de efecto invernadero,-5
id_323,emol,Trabajadores y crisis climática: Más del 70% de la fuerza laboral mundial está expuesta al calor excesivo,-2
id_324,emol,Wine Innova Tech 2024 convoca a startups y proveedores del vino para fomentar la innovación y atender el cambio climático,4
id_325,emol,Jóvenes chilenos y la crisis climática: Ven efectos negativos en su calidad de vida e influye en quienes no quieren tener hijos,2
id_326,emol,En qué consiste la siembra de nubes y lo que dicen los expertos sobre su papel en el temporal vivido en Dubái,-1
id_327,emol,Fallo histórico de responsabilidad climática: ¿Qué implica la decisión del Tribunal Europeo de DD.HH.?,-3
id_328,emol,"Deforestación mundial se redujo un 9% en 2023: Superficie afectada equivale a 2,4 veces la RM",-1
id_329,emol,&quot;Boom&quot; del aceite de oliva chileno: ¿Cuáles son las marcas que más venden y los mercados que acaparan el producto nacional?,5
id_33,bbcl,Codelco firma alianza con Meteochile para fortalecer gestión climática y operacional en la minería,3
id_331,emol,Día Mundial del Agua: Conoce las estrategias para cuidar y preservar este vital elemento,3
id_332,emol,Premio Nobel de Economía Robert F. Engle en Chile: &quot;Cualquier tipo de transición energética va a requerir mayores precios&quot;,3
id_333,emol,Ola de calor golpea a Sudán del Sur: Muerte de 15 niños obliga a cerrar las escuelas,-6
id_334,emol,Llega el 5G a la Antártica: Chile abre primera conexión mundial a quinta generación de red en la zona,-3
id_336,emol,Informe de la ONU asegura que Chile prioriza el uso industrial del agua sobre el acceso personal y pide indemnizaciones,1
id_337,emol,BIGinBIO 2024: Pronto abrirá postulaciones para emprendimientos en etapa temprana con origen en Latam,-6
id_34,bbcl,"El ""etiquetado de género"" que el actual Gobierno le dejaría al próximo presidente en Presupuesto 2026",-3
id_340,emol,Dan a conocer a los ganadores del &quot;Premio ACME Chile para el Cambio Climático&quot;,4
id_342,emol,Estudio asegura que ni el fenómeno de El Niño ni el cambio climático fueron determinantes en los incendios de Valparaíso,0
id_344,emol,Informe ONU revela que el 41% de las especies migratorias está disminuyendo y alerta por falta de protección en salar chileno,-4
id_346,emol,El calor provocó más de 5.000 muertos en Francia durante el verano de 2023,1
id_348,emol,Fuerte tormenta impacta a California y provoca inundaciones y cortes de energía: Autoridades decretan estado de emergencia,1
id_349,emol,"Corfo adjudica 18 proyectos regionales en iniciativas de hidrógeno verde, gestión hídrica y cambio climático",12
id_35,bbcl,"Bachelet por candidatos que niegan cambio climático: ""No sé si están ciegos o no ven las noticias""",1
id_350,emol,Las tres prioridades económicas que marcarían la agenda de Donald Trump si vuelve a ser presidente de EE.UU.,-4
id_351,emol,A 90 segundos de la medianoche: El &quot;Reloj del Juicio Final&quot; se mantiene con su peor indicador histórico,-5
id_352,emol,&quot;Tarifa de cambio climático&quot;: Expertos entran al debate por castigo al sobreconsumo de agua que planea el Gobierno,3
id_355,emol,"Crítica al feminismo, al cambio climático y otras frases destacadas del primer discurso internacional de Milei en Davos",1
id_356,emol,2023 se convirtió en el año más caluroso de la historia después de batir récord de temperatura,1
id_357,emol,"Más alcohol, distinto sabor, otro color: Cómo el cambio climático está afectando a los vinos",-5
id_36,bbcl,"Bachelet descarta estar aún en campaña para la ONU: ""Los viajes que hago son por compromisos previos""",2
id_361,emol,&quot;Cambio Climático en Cifras&quot;: Así es el libro ilustrado que presentará este lunes una comitiva nacional en la COP28,-4
id_365,emol,Rey Carlos III es acusado de &quot;hipocresía&quot; por su huella de carbono: &quot;Juega al ambientalismo&quot;,-2
id_368,emol,COP28 comienza en Dubai con &quot;histórico&quot; lanzamiento de un fondo de pérdidas y daños climáticos,-2
id_369,emol,"Hoy comienza la COP28 en Dubai: Qué es, qué se espera de ella y las fechas que han marcado las cumbres por el clima",1
id_37,bbcl,Tribunal Ambiental de Valdivia ordena paralizar faenas de proyecto de piscicultura en río San Pedro,-1
id_371,emol,Costa subraya la importancia de &quot;comprender las implicaciones macroeconómicas del cambio climático&quot;,1
id_372,emol,"El metano se toma la COP28: Qué efecto tienen las emisiones de este gas, las industrias que más inciden y posibles soluciones",-3
id_375,emol,Desigualdad climática: El 1% más rico del mundo emite tanto carbono como los dos tercios más pobres,-1
id_378,emol,Octubre fue el más caluroso desde que se tienen registros y 2023 podría ser el año con mayor temperatura de la historia,-1
id_379,emol,La gran amenaza sanitaria del cambio climático: Las olas de calor causan casi medio millón de muertes anuales,8
id_380,emol,Últimos días para postular al “Premio ACME Chile para el Cambio Climático”,1
id_385,emol,Consejo repone norma sobre cambio climático luego de que oposición aprobara enmienda de republicanos,4
id_386,emol,Competencia hace llamado a innovadores con soluciones sustentables para industria de productos del mar,3
id_387,emol,Ejecutivo calcula que gasto por emergencias en el año se acerca a los US$ 800 millones,-1
id_388,emol,Hielo marino de la Antártica registra su tamaño más pequeño al final de invierno,2
id_39,bbcl,"Bachelet en la COP30 de la ONU: ""Normalmente hablamos de números, pero debemos hablar de las personas""",1
id_395,emol,Ripamonti afirma que situación por socavones es &quot;dramática&quot; y que entre &quot;hoy mañana&quot; se emitirá la &quot;inhabitabilidad&quot; de edificios,-2
id_396,emol,Segundo socavón: MOP admite que no estaba preparados para recibir tanta agua e insiste que cambio climático influyó,-2
id_397,emol,"Construcción en dunas, cambio climático, lluvias: MOP explica causas de segundo socavón y cómo está el edificio Kandinsky",5
id_398,emol,"Cartí Sugdupu, la pequeña isla del Caribe cuyos habitantes están evacuando antes de que la trague el mar",-2
id_399,emol,Lluvias torrenciales causadas por fenómeno meteorológico DANA dejan un muerto y dos desaparecidos en España,2
id_4,bbcl,Para Bío Bío y Ñuble: Gobierno comunica donaciones por US&#36;750.000 de parte de la banca multilateral,-2
id_400,emol,Comisión de Derechos del Consejo rechaza enmienda sobre el cambio climático y aprueba el fin de contribuciones para primera vivienda,-3
id_403,emol,Concesionarias piden &quot;mayor resiliencia&quot; de infraestructura por lluvias: &quot;Hay obras tremendamente críticas&quot;,-2
id_404,emol,Ante la tendencia del aire acondicionado: Precios y alternativas frente a un verano récord,-1
id_407,emol,Olas de calor oceánicas y pérdida de hielo: Estudio ahonda en eventos extremos en la Antártica por crisis climática,-2
id_409,emol,Refugios fríos y cortinas de madera: Cómo prepararnos para un verano infernal tras las olas de calor en el hemisferio norte,2
id_41,bbcl,"""Ya no es razonable"": Banco Central admite que tasas hipotecarias no volverán a bajar a nivel de antes",-1
id_410,emol,Estudio: Olas de calor en Europa y Norteamérica no se habrían producido sin el cambio climático inducido por la humanidad,2
id_411,emol,Conoce la inédita estrategia de conservación de CMPC apuntando hacia un mundo más sostenible,4
id_412,emol,"Cómo se vive en Timbulsloko, la región de Indonesia que se hunde 20 centímetros al año y pronto quedará sumergida",-3
id_414,emol,Ola de calor azota a Europa: Advierten que se podría romper el récord de temperatura en los próximos días,2
id_415,emol,Renovables en Chile registran pérdidas por más de US$1.000 millones en 2022 y advierten freno a nuevos proyectos,-1
id_416,emol,Estudio revela que cambio climático está alterando el color del océano: &quot;Ver que está ocurriendo es aterrador&quot;,1
id_418,emol,&quot;En Montevideo abren las canillas y no sale agua&quot;: La frase de Alberto Fernández que molestó en Uruguay,-3
id_42,bbcl,Disturbios en la COP30 en Brasil: grupos indígenas irrumpieron en conferencia y enfrentaron a guardias,-8
id_422,emol,Cómo la industria aérea apunta a la meta &quot;cero emisiones&quot; para 2050 y la tecnología que incorporarían los futuros aviones,2
id_424,emol,OMS asegura que el cambio climático se está convirtiendo en &quot;el mayor desafío&quot; sanitario y nombra a una enviada especial,-3
id_427,emol,Informe climático: Europa se calienta al doble de ritmo que la media mundial y olas de calor causaron 16 mil fallecidos en 2022,2
id_43,bbcl,Alianza de Conaf y Colun impulsa restauración ecológica en Los Ríos con plantación de especies nativas,5
id_431,emol,Glaciares observados por Darwin en viaje por Tierra del Fuego aceleran su deshielo: Pierden unos 5 km cuadrados al año,-1
id_433,emol,Presidente Boric y otros seis jefes de Estado envían carta al G7 para que aceleren medidas que enfrenten el cambio climático,1
id_434,emol,Más de la mitad de los mayores lagos y embalses del mundo se están secando: Pierden 22 gigatoneladas de agua por año,-5
id_435,emol,Las temperaturas mundiales pueden llegar a niveles sin precedentes en los próximos cinco años,1
id_436,emol,Una ola de calor sin precedentes afecta al Sudeste Asiático: Revisa las altas temperaturas que han marcado país por país,-1
id_438,emol,Barómetro de la Transformación Ecológica ¿Qué piensan los chilenos sobre el cambio climático?,-1
id_439,emol,&quot;El futuro es incierto&quot;: Hielo antártico anota mínimos históricos en 2023 y acelera su erosión,-5
id_44,bbcl,"Cientos de delfines murieron casi hervidos en el Amazonas: ""Estaba tan caliente que no tenían refugio""",-2
id_444,emol,Anuncian a los ganadores del &quot;Primer Premio de Innovación para el Cambio Climático”,1
id_447,mediosregionales,Cambio climático: el desafío de anticipar y gestionar los riesgos emergentes que impactan al mundo del trabajo,-6
id_448,mediosregionales,Cambio climático: el desafío de anticipar y gestionar los riesgos emergentes que impactan al mundo del trabajo,-6
id_45,bbcl,Más de 10 millones de kilos de comida se botan al día: Así combate Chile el desperdicio de alimentos,-14
id_450,mediosregionales,Destinan $480 millones a proyectos de Bienes Públicos para enfrentar el cambio climático en la región de Antofagasta,2
id_452,mediosregionales,Avanzan en la elaboración del Plan de Acción Comunal de Cambio Climático en Puerto Montt,-2
id_453,mediosregionales,Castro presenta avance de plan comunal por cambio climático,2
id_455,mediosregionales,Cómo el cambio climático está afectando la salud de la piel y el cabello,3
id_458,mediosregionales,Estudio afirma que los choritos sobrevivirán al cambio climático,2
id_459,mediosregionales,Consejo Regional conoce avances de la Política de Sostenibilidad Hídrica 2024-2034,2
id_46,bbcl,En temporada de calor: acuerdo entre Chile y EE.UU. busca prevenir y manejar incendios forestales,3
id_461,mediosregionales,DGA convoca a sectores productivos a participar en estrategia hídrica de adaptación al cambio climático,2
id_463,mediosregionales,Instituciones públicas y privadas impulsan una agenda común por la construcción sustentable,2
id_467,mediosregionales,DGA del MOP inicia elaboración de indicadores de seguridad hídrica para enfrentar el cambio climático,8
id_468,mediosregionales,INFOR es parte de proyecto internacional que evalúa plantaciones mixtas como estrategia frente al cambio climático,0
id_469,mediosregionales,Estudian levaduras para evitar que el cambio climático afecte al vino,-1
id_47,bbcl,Estudio advierte que tomar melatonina para dormir podría no ser inocuo y causar problemas cardíacos,-5
id_470,mediosregionales,Concurso para el Fondo de Protección Ambiental 2026 abre postulaciones,2
id_472,mediosregionales,Arquitectos proponen transformar Valparaíso con edificios de madera y huertos en altura,2
id_473,mediosregionales,Advierten que bosque mediterráneo chileno está cerca del colapso,-1
id_479,mediosregionales,"Quillay, peumo y litre: las especies nativas que mueren por la megasequía",-2
id_48,bbcl,El 1% más rico del planeta acapara más del 40% de la riqueza de todo el mundo,-6
id_482,mediosregionales,Científicos extranjeros y nacionales encabezarán charlas magistrales de los congresos de ciencia antártica en Valdivia,1
id_484,mediosregionales,Alto Hospicio diseña su Plan de Acción Climática con participación activa de la comunidad,-2
id_489,mediosregionales,Mundaca celebra triunfo de Jeannette Jara: “Este ejercicio democrático abre un camino de esperanza para Chile”,-3
id_49,bbcl,"Un glaciar de la Antártica se redujo un 50% en solo 2 meses: ""La velocidad de retroceso es increíble""",-2
id_491,mediosregionales,“Las marejadas dejaron de ser excepcionales”: capitán de Puerto de San Antonio alerta por efectos del cambio climático,1
id_492,mediosregionales,Saesa realizó webinar sobre el impacto del cambio climático en la continuidad del servicio eléctrico,-2
id_494,mediosregionales,Curanilahue es la primera comuna del Biobío en contar con su Plan de Acción de Cambio Climático aprobado,2
id_496,mediosregionales,Experto asegura que mayor frecuencia de tornados en el sur del país se debe al cambio climático,2
id_498,mediosregionales,Mujeres rurales lideran la innovación agrícola en Valparaíso con foco en sostenibilidad,6
id_5,bbcl,"¿Qué es la ""nieve rosa"" de la Antártica y por qué está acelerando el deshielo?",-4
id_50,bbcl,Chile y Canadá firman una modernización de su asociación estratégica en la cumbre APEC,2
id_501,mediosregionales,Estudio revela que el 72% de los chilenos considera que se debería hacer más en la lucha contra el cambio climático,-3
id_503,mediosregionales,Epson obtiene la máxima calificación en acción climática por quinto año consecutivo,-3
id_504,mediosregionales,Conectividad satelital impulsa resiliencia agrícola frente al cambio climático,4
id_505,mediosregionales,Felipe Rivera de Aguas Pacífico: “La desalinización es una solución real al cambio climático”,-4
id_508,mediosregionales,Innovan en la Provincia de Llanquihue con soterramiento de líneas eléctricas rurales,4
id_51,bbcl,"Con desliz incluido, presidente Boric destaca alianza verde con Nueva Zelanda y Singapur en APEC",5
id_511,mediosregionales,Lanzan convocatoria para jóvenes emprendedores con foco en innovación y sostenibilidad minera,1
id_512,mediosregionales,La comida como aliada contra el cambio climático: así es cómo nuestras elecciones marcan la diferencia,2
id_513,mediosregionales,Avance de un 43% en obras de mejoramiento del molo de abrigo de Puerto San Antonio,2
id_515,mediosregionales,¿Por qué los humedales son clave para enfrentar el cambio climático?,-4
id_516,mediosregionales,Entra en vigor el acuerdo comercial entre la Unión Europea y Chile para impulsar la competitividad,-3
id_519,mediosregionales,Crece la preocupación de la comunidad científica e internacional por la retirada de Estados Unidos del Acuerdo de París,8
id_52,bbcl,"""No me afecta"": Anthony Hopkins revela años de rechazo de su hija actriz, con la que grabó 2 películas",-6
id_520,mediosregionales,Cambio climático: MOP finaliza obras de control aluvional en el sector alto de Copiapó,-6
id_522,mediosregionales,Alza de la temperatura global afectaría al menos a 55 mil habitantes de zonas costeras del Biobío,-2
id_523,mediosregionales,La variabilidad climática amenaza la seguridad hídrica en Chile: digitalización como solución clave,-2
id_525,mediosregionales,Proyectos innovadores transforman la agricultura de Valparaíso con soluciones sostenibles,4
id_53,bbcl,Dos homicidio y múltiples agresiones sexuales: productor de Hollywood arriesga sobre 1 siglo de cárcel,-21
id_531,mediosregionales,ONU: Los países deben aumentar &quot;drásticamente&quot; su adaptación al cambio climático,0
id_534,mediosregionales,Los Muermos avanza en la lucha contra el cambio climático con talleres participativos,-2
id_535,mediosregionales,Lucía Villar es reconocida por sus investigaciones sobre el metano oceánico en los premios For Women in Science 2024,3
id_538,mediosregionales,Chilenas competirán en la final dell Wordl Summit Technovation en Estados Unidos,15
id_54,bbcl,"Bill Gates asegura que el cambio climático ""no conducirá a la desaparición de la humanidad""",-1
id_540,mediosregionales,“La contingencia fue un recordatorio de que el desafío del cambio climático es cada vez más grande”,1
id_544,mediosregionales,Mujeres rurales de Lanco y Mariquina recibieron información sobre 3er Concurso Público de la Estrategia Nacional de Cambio Climático y Recursos Vegetacionales,8
id_546,mediosregionales,Director de Indap en La Araucanía: “Chile enfrenta riesgos importantes por el cambio climático”,-2
id_548,mediosregionales,Ministra de Medio Ambiente visita El Quisco y destaca trabajo por el cuidado del espacio,1
id_55,bbcl,Analizan los desafíos de nuevas industrias que marcarán el futuro: expertos se reúnen en FIFUC,5
id_550,mediosregionales,Cambio climático: MOP y PNUD anuncian construcción de nuevas obras de control aluvional en Antofagasta,-4
id_551,mediosregionales,Ignacio Mehech de Albemarle destaca el papel del litio en la lucha contra el cambio climático,3
id_553,mediosregionales,Inician experiencias piloto sobre la agricultura regenerativa en la provincia de Petorca,2
id_556,mediosregionales,Identifican 70 riesgos para Arica y Parinacota por el cambio climático,-2
id_56,bbcl,Dominique Charrier quiere hacer respetar localía en Punta de Lobos: se ilusiona en Campeonato Nacional,1
id_563,mediosregionales,Dirección de Turismo de Ancud se reúnen con investigadores que estudian efectos del cambio climático,0
id_566,mediosregionales,Municipalidades del Biobío avanzan en lineamientos de Planes de Acción Comunal de Cambio Climático,-1
id_57,bbcl,Chile declara oficialmente al pingüino de Humboldt en peligro de extinción: ¿se puede recuperar?,-12
id_571,mediosregionales,Ministra de OO.PP. llama a hacerse cargo del nuevo escenario hídrico,-5
id_578,mediosregionales,Gore de Antofagasta presentó plan regional contra el cambio climático a delegaciones internacionales,1
id_579,mediosregionales,Presidente Boric inició visita al territorio antártico chileno junto al secretario general de la ONU,-6
id_58,bbcl,"Descubren la solución a la sequía agrícola en el Desierto Florido: una flor llamada ""pata de guanaco""",2
id_581,mediosregionales,Fenómeno ‘El Niño’ y cambio climático elevan las temperaturas promedio en Calama,-1
id_587,mediosregionales,Invitan a ecosistema productivo regional a compartir sus desafíos con investigadores de la UFRO y el TEC de Monterrey,5
id_588,mediosregionales,"Aprueban extender el periodo de Gestión de Episodios Críticos más allá del invierno para Concón, Quintero y Puchuncaví",3
id_59,bbcl,El zarapito fino y los bandicut desaparecieron: estas son las 8 nuevas especies oficialmente extintas,-6
id_592,mediosregionales,Ministra del Medio Ambiente recordó advertencia sobre construir en las dunas de Concón,4
id_593,mediosregionales,Acuerdo de Producción Limpia impulsará la gestión de los residuos de la construcción en Antofagasta,-5
id_594,mediosregionales,Gobernador Vallespín por derrumbe en Carretera Austral: “Los efectos del cambio climático ya se empiezan a notar&quot;,1
id_597,mediosregionales,"San Pedro de Atacama entre las comunas más perjudicadas por el cambio climático: Podría aumentar un 2,7° durante el verano",5
id_598,mediosregionales,Investigan en Chiloé la relación entre el cambio climático y el cultivo del chorito,3
id_599,mediosregionales,Diputados respaldan resolución para campañas de concientización sobre el cambio climático en Chile,-3
id_6,bbcl,"Groenlandia publica guía para preparar a la población ante eventos de crisis, por interés de Trump",-3
id_60,bbcl,Revelan causa de muerte de activista Jane Goodall: falleció mientras dormía,1
id_607,mediosregionales,Codelco y BHP firman inédito acuerdo de innovación para el desarrollo de la minería sustentable,-6
id_608,mediosregionales,Psicóloga valdiviana investiga concepto conocido como &quot;eco -ansiedad&quot; y cómo afecta a los jóvenes,-4
id_609,mediosregionales,Estudio revela que más de 9 mil personas del borde costero de Antofagasta están expuestas a inundaciones a causa del cambio climático,-2
id_611,mediosregionales,"Cortinas de baño, overoles, el origen del incendio en el cambio climático y &quot;siempre linda&quot;: así fue el debut de Ripamonti en la Alfombra Roja",8
id_615,mediosregionales,En Alerta: Vecinos de balneario Hornito de Antofagasta preocupados ante erosión de la costa producto de las fuertes marejadas,6
id_616,mediosregionales,Región Los Lagos: Plan contra el cambio climático será implementado en la zona para este año 2023,2
id_618,mediosregionales,ACME Chile lanza premio para promover iniciativas sustentables frente al cambio climático,8
id_624,mediosregionales,Presidente de la COP27 reconoció dificultades para llegar a un acuerdo en la lucha contra el cambio climático,-1
id_625,mediosregionales,COP27: Lula aseguró que &quot;Brasil está de vuelta&quot; en la lucha global contra el cambio climático,-3
id_627,mediosregionales,Tras 3 años: Reactivan comité regional para abordar el cambio climático,1
id_628,mediosregionales,Comité Regional de Cambio Climático se reactiva en Los Lagos para implementar ley marco,-1
id_63,bbcl,¿Nuestra dieta afecta al planeta? Expertos debatirán sobre alimentación y cambio climático en Chile,-2
id_633,mediosregionales,Dos jóvenes porteños fueron invitados a la 77° Asamblea General de la ONU,-1
id_637,mediosregionales,Arribaron autos eléctricos todoterreno del Antofagasta Minerals Copper X Prix,-6
id_638,mediosregionales,"En Antofagasta realizarán la carrera de autos eléctricos, una de las más importante del mundo",1
id_639,mediosregionales,Autos eléctricos: carrera internacional será realizada en circuito cerca de minera Centinela,1
id_64,bbcl,El lado oscuro del viral chocolate Dubái y otras tendencias alimentarias,-3
id_642,mediosregionales,En primer Día Mundial del Krill lllaman a proteger crustáceo antártico,-4
id_644,mediosregionales,[VIDEO] Boric y Karamanos se reunieron en La Moneda con futura vicepresidenta de Colombia,1
id_647,mediosregionales,Gobernador Mundaca presidirá comité regional de cambio climático,3
id_65,bbcl,CMPC expone proyecto para restaurar 26 mil hectáreas en la Patagonia en congreso internacional,9
id_650,mediosregionales,Arica: Apuestan por la agricultura en el desierto para enfrentar el cambio climático,3
id_651,mediosregionales,Ministra de Salud confirmó monitoreo por avance de virus del mono en el mundo: &quot;Es una enfermedad seria&quot;,-2
id_653,mediosregionales,Alto representante de la Unión Europea aseguró que Chile resulta un país &quot;muy atractivo&quot; para el desarrollo de energías renovables,-3
id_656,mediosregionales,"El Universo, cambio climático y democraci: Los temas que abordará el Festival de Ciencia Puerto de Ideas",6
id_659,mediosregionales,Destacan aprobación de anteproyecto que contempla la protección de los siete lagos de Panguipulli,4
id_66,bbcl,La Tierra está al borde de una extinción masiva: alerta roja por más de 48 mil especies amenazadas,-4
id_664,mediosregionales,Investigación ambiental: buque científico realizará expedición en fiordos y canales de Magallanes,1
id_667,mediosregionales,[VIDEO] En seminario online analizan “Cómo se adapta una región minera al cambio climático”,-4
id_67,bbcl,Las principales propuestas de los candidatos presidenciales 2025 sobre medio ambiente y energía,2
id_673,mediosregionales,Cambio climático en Chile: Expertos advierten efectos de las olas de calor en el agro,-2
id_679,mediosregionales,Sustentabilidad: de la declaración a la acción,3
id_68,bbcl,"""Un copiloto digital"": CMPC detalla cómo optimiza procesos con IA en plantas de Chile y Brasil",0
id_683,mediosregionales,Gobernador regional de Arica presentó propuestas para enfrentar el cambio climático,1
id_684,mediosregionales,Secretario General de la ONU: Fallar contra el cambio climático es una &quot;sentencia de muerte&quot;,-5
id_685,mediosregionales,Bachelet pidió una Cumbre del Cambio Climático &quot;sin discursos vacíos ni promesas rotas&quot;,-7
id_689,mediosregionales,"Liceo de Puerto Montt realiza 1º intercambio de saberes, semillas y plantines",0
id_69,bbcl,"Lula mantiene conversación ""amistosa"" con Trump y pide eliminar las sanciones a Brasil",-3
id_691,mediosregionales,Salmoneros de Chile dan un paso más en el cuidado del planeta,7
id_694,mediosregionales,23 empresas vinculadas a SalmonChile firman acuerdo  voluntario de sustentabilidad y cambio climático,4
id_695,mediosregionales,Intervención se toma el Reloj de Flores en concientización al cambio climático,-2
id_696,mediosregionales,Piñera se reunió con Boris Johnson y firmó alianza científica con foco en pandemias y cambio climático,2
id_698,guioteca,Cambio climático subterráneo: Conoce de qué se trata este nuevo fenómeno,-2
id_699,guioteca,"Mejores fotos ambientales 2022: Cambió climático y fauna sobreviviendo, los protagonistas",-2
id_70,bbcl,"TikTok está recomendando contenido pornográfico a niños, según reporte: no sirve el ""modo restringido""",-4
id_700,guioteca,Fotos: La humilde vida de un millonario que dejó sus lujos para vivir austeramente y luchar contra el cambio climático,-1
id_707,guioteca,Islas Galápagos: Revelan increíbles fotos de los efectos del cambio climático en su ecosistema,-2
id_71,bbcl,"""Estamos en un alto nivel"": Productos de la región del Bío Bío destacan por variedad en Food &#038; Service",2
id_713,guioteca,¿Qué países están mejor posicionados para sobrevivir al cambio climático?,-2
id_715,guioteca,Trump cumple polémica promesa de campaña: EE.UU. abandona acuerdo sobre cambio climático,1
id_716,guioteca,"El segundo lago de Bolivia, el inmenso Poopó, se secó por el cambio climático",-1
id_717,guioteca,OMS: cambio climático traerá más muertes por enfermedades,2
id_718,guioteca,FAO: El cambio climático hace peligrar la agricultura a nivel global,-5
id_720,guioteca,Leonardo DiCaprio llama la atención de líderes mundiales por el cambio climático,-2
id_724,guioteca,Psíquicos: Habrá duro cambio climático en Chile el 2013,2
id_725,guioteca,Chile y cambio climático: Kyoto y los bonos de carbono,1
id_726,guioteca,Cinco graves consecuencias del cambio climático,-2
id_728,guioteca,"Empresas y cambio climático, cómo deben responder",2
id_729,guioteca,"""Las Torres del Olvido"": La novela que anticipó el cambio climático",-3
id_73,bbcl,Inédito proyecto rewilding: buscan repoblar guanacos en la Región Metropolitana,2
id_74,bbcl,"Secretario de Defensa de EEUU advierte que no puede haber más ""generales y almirantes gordos""",1
id_75,bbcl,Empresa lechera Manuka renueva por tercer año certificaciones medioambientales y de bienestar animal,10
id_76,bbcl,Chile lidera en percepción positiva de la minería: buscan promover sostenibilidad en la industria,7
id_77,bbcl,"Dos mujeres terminan en urgencias tras agresivo ataque de la misma ardilla en EEUU: ""Casi me mata""",-5
id_78,bbcl,Niña de un año salvó de milagro: recién se había bajado de auto dañado por árbol en Ñuñoa,1
id_79,bbcl,"Nano Calderón aseguró tener trastorno obsesivo-compulsivo: ""Tiene que estar milimétricamente perfecto""",-3
id_8,bbcl,"Marcelo Lagos critica gestión de catástrofe en Biobío y Ñuble: ""Ante incendios, estamos a poto pelado""",9
id_81,bbcl,"Boric niega haber criticado a Trump en la ONU: ""Me quieren llevar a polemizar con un presidente""",-3
id_83,bbcl,"Memoria y solidaridad en campaña ""Un Árbol por Palestina""",4
id_84,bbcl,"El arquero alemán que estuvo preso, ’murió’, secuestró un pingüino y ostenta un récord inigualable",-5
id_85,bbcl,Gobierno reconoce al Río Maipo de Melipilla como un humedal urbano: es el más grande de Chile,2
id_87,bbcl,Con una inversión de más de &#36;40 billones en la RM: Gobierno presenta plan de infraestructura a 30 años,2
id_88,bbcl,La Nueva Política de Desarrollo Urbano: Entre la promesa y la actualización pendiente,-2
id_89,bbcl,Ejecutivos del Grupo Banco Mundial visitan Chile para conocer avances en transición energética,5
id_9,bbcl,Dentro de una granja para gordos en China: controvertidos y estrictos campamentos para adelgazar,-3
id_90,bbcl,Estudio descubrió un desfase de las estaciones en distintos puntos del planeta y uno de ellos es Chile,-1
id_91,bbcl,Minvu lanza catálogo para impulsar diseños ecológicos en obras de construcción públicas y privadas,3
id_92,bbcl,"Qué es un bot de redes sociales, cómo funciona y en qué se diferencia de una cuenta falsa o anónima",1
id_93,bbcl,Gobierno destaca que ahora carne de cerdo y embutidos chilenos podrán ser exportados a Emiratos Árabes,10
id_95,bbcl,"Chile enfrenta uno de los años más críticos en materia de crisis hídrica, alerta Greenpeace",-10
id_96,bbcl,"Estudio reveló que el bosque mediterráneo chileno podría colapsar: ""Sería muy difícil que se recupere""",-18
id_97,bbcl,"A falta de polen, científicos crean un ""superalimento"" para salvar a las abejas melíferas",-4
id_98,bbcl,Buena noticia para los amantes del chocolate: precios del cacao bajan tras tocar máximos de dos meses,1
id_99,bbcl,Se adelantaron las alergias estacionales: ¿cómo diferenciarlas de un resfriado?,0
